delivery,batsman,bowler,extras_dict,non_striker,runs_dict,wicket_dict,wides,noballs,legbyes,byes,penalty,kind,player_out,fielders,runs,extras,total,team,city,date,gender,match_type,neutral_venue,winner,winType,winMargin,result,resultHow,resultTeam,non_boundary,ManOfMatch,overs,team1,team2,tossWinner,tossDecision,venue
0.1,AM Rahane,DL Chahar,{'legbyes': 1},JC Buttler,"{'extras': 1, 'total': 1, 'batsman': 0}",0,0.0,0.0,1.0,0,0,0,0,0,0,1,1,Rajasthan Royals,Jaipur,2019-04-11,male,T20,0,Chennai Super Kings,wickets,4,0,0,0,0,MS Dhoni,20,Rajasthan Royals,Chennai Super Kings,Chennai Super Kings,field,Sawai Mansingh Stadium
0.2,JC Buttler,DL Chahar,0,AM Rahane,"{'extras': 0, 'total': 0, 'batsman': 0}",0,0.0,0.0,0.0,0,0,0,0,0,0,0,0,Rajasthan Royals,Jaipur,2019-04-11,male,T20,0,Chennai Super Kings,wickets,4,0,0,0,0,MS Dhoni,20,Rajasthan Royals,Chennai Super Kings,Chennai Super Kings,field,Sawai Mansingh Stadium
0.3,JC Buttler,DL Chahar,0,AM Rahane,"{'extras': 0, 'total': 4, 'batsman': 4}",0,0.0,0.0,0.0,0,0,0,0,0,4,0,4,Rajasthan Royals,Jaipur,2019-04-11,male,T20,0,Chennai Super Kings,wickets,4,0,0,0,0,MS Dhoni,20,Rajasthan Royals,Chennai Super Kings,Chennai Super Kings,field,Sawai Mansingh Stadium
0.4,JC Buttler,DL Chahar,0,AM Rahane,"{'extras': 0, 'total': 0, 'batsman': 0}",0,0.0,0.0,0.0,0,0,0,0,0,0,0,0,Rajasthan Royals,Jaipur,2019-04-11,male,T20,0,Chennai Super Kings,wickets,4,0,0,0,0,MS Dhoni,20,Rajasthan Royals,Chennai Super Kings,Chennai Super Kings,field,Sawai Mansingh Stadium
0.5,JC Buttler,DL Chahar,0,AM Rahane,"{'extras': 0, 'total': 6, 'batsman': 6}",0,0.0,0.0,0.0,0,0,0,0,0,6,0,6,Rajasthan Royals,Jaipur,2019-04-11,male,T20,0,Chennai Super Kings,wickets,4,0,0,0,0,MS Dhoni,20,Rajasthan Royals,Chennai Super Kings,Chennai Super Kings,field,Sawai Mansingh Stadium
0.6,JC Buttler,DL Chahar,0,AM Rahane,"{'extras': 0, 'total': 0, 'batsman': 0}",0,0.0,0.0,0.0,0,0,0,0,0,0,0,0,Rajasthan Royals,Jaipur,2019-04-11,male,T20,0,Chennai Super Kings,wickets,4,0,0,0,0,MS Dhoni,20,Rajasthan Royals,Chennai Super Kings,Chennai Super Kings,field,Sawai Mansingh Stadium
1.1,AM Rahane,MJ Santner,0,JC Buttler,"{'extras': 0, 'total': 0, 'batsman': 0}",0,0.0,0.0,0.0,0,0,0,0,0,0,0,0,Rajasthan Royals,Jaipur,2019-04-11,male,T20,0,Chennai Super Kings,wickets,4,0,0,0,0,MS Dhoni,20,Rajasthan Royals,Chennai Super Kings,Chennai Super Kings,field,Sawai Mansingh Stadium
1.2,AM Rahane,MJ Santner,0,JC Buttler,"{'extras': 0, 'total': 0, 'batsman': 0}",0,0.0,0.0,0.0,0,0,0,0,0,0,0,0,Rajasthan Royals,Jaipur,2019-04-11,male,T20,0,Chennai Super Kings,wickets,4,0,0,0,0,MS Dhoni,20,Rajasthan Royals,Chennai Super Kings,Chennai Super Kings,field,Sawai Mansingh Stadium
1.3,AM Rahane,MJ Santner,0,JC Buttler,"{'extras': 0, 'total': 4, 'batsman': 4}",0,0.0,0.0,0.0,0,0,0,0,0,4,0,4,Rajasthan Royals,Jaipur,2019-04-11,male,T20,0,Chennai Super Kings,wickets,4,0,0,0,0,MS Dhoni,20,Rajasthan Royals,Chennai Super Kings,Chennai Super Kings,field,Sawai Mansingh Stadium
1.4,AM Rahane,MJ Santner,0,JC Buttler,"{'extras': 0, 'total': 4, 'batsman': 4}",0,0.0,0.0,0.0,0,0,0,0,0,4,0,4,Rajasthan Royals,Jaipur,2019-04-11,male,T20,0,Chennai Super Kings,wickets,4,0,0,0,0,MS Dhoni,20,Rajasthan Royals,Chennai Super Kings,Chennai Super Kings,field,Sawai Mansingh Stadium
1.5,AM Rahane,MJ Santner,{'wides': 5},JC Buttler,"{'extras': 5, 'total': 5, 'batsman': 0}",0,5.0,0.0,0.0,0,0,0,0,0,0,5,5,Rajasthan Royals,Jaipur,2019-04-11,male,T20,0,Chennai Super Kings,wickets,4,0,0,0,0,MS Dhoni,20,Rajasthan Royals,Chennai Super Kings,Chennai Super Kings,field,Sawai Mansingh Stadium
1.6,AM Rahane,MJ Santner,0,JC Buttler,"{'extras': 0, 'total': 0, 'batsman': 0}",0,0.0,0.0,0.0,0,0,0,0,0,0,0,0,Rajasthan Royals,Jaipur,2019-04-11,male,T20,0,Chennai Super Kings,wickets,4,0,0,0,0,MS Dhoni,20,Rajasthan Royals,Chennai Super Kings,Chennai Super Kings,field,Sawai Mansingh Stadium
1.7,AM Rahane,MJ Santner,0,JC Buttler,"{'extras': 0, 'total': 1, 'batsman': 1}",0,0.0,0.0,0.0,0,0,0,0,0,1,0,1,Rajasthan Royals,Jaipur,2019-04-11,male,T20,0,Chennai Super Kings,wickets,4,0,0,0,0,MS Dhoni,20,Rajasthan Royals,Chennai Super Kings,Chennai Super Kings,field,Sawai Mansingh Stadium
2.1,AM Rahane,DL Chahar,0,JC Buttler,"{'extras': 0, 'total': 0, 'batsman': 0}",0,0.0,0.0,0.0,0,0,0,0,0,0,0,0,Rajasthan Royals,Jaipur,2019-04-11,male,T20,0,Chennai Super Kings,wickets,4,0,0,0,0,MS Dhoni,20,Rajasthan Royals,Chennai Super Kings,Chennai Super Kings,field,Sawai Mansingh Stadium
2.2,AM Rahane,DL Chahar,0,JC Buttler,"{'extras': 0, 'total': 4, 'batsman': 4}",0,0.0,0.0,0.0,0,0,0,0,0,4,0,4,Rajasthan Royals,Jaipur,2019-04-11,male,T20,0,Chennai Super Kings,wickets,4,0,0,0,0,MS Dhoni,20,Rajasthan Royals,Chennai Super Kings,Chennai Super Kings,field,Sawai Mansingh Stadium
2.3,AM Rahane,DL Chahar,0,JC Buttler,"{'extras': 0, 'total': 1, 'batsman': 1}",0,0.0,0.0,0.0,0,0,0,0,0,1,0,1,Rajasthan Royals,Jaipur,2019-04-11,male,T20,0,Chennai Super Kings,wickets,4,0,0,0,0,MS Dhoni,20,Rajasthan Royals,Chennai Super Kings,Chennai Super Kings,field,Sawai Mansingh Stadium
2.4,JC Buttler,DL Chahar,0,AM Rahane,"{'extras': 0, 'total': 1, 'batsman': 1}",0,0.0,0.0,0.0,0,0,0,0,0,1,0,1,Rajasthan Royals,Jaipur,2019-04-11,male,T20,0,Chennai Super Kings,wickets,4,0,0,0,0,MS Dhoni,20,Rajasthan Royals,Chennai Super Kings,Chennai Super Kings,field,Sawai Mansingh Stadium
2.5,AM Rahane,DL Chahar,0,JC Buttler,"{'extras': 0, 'total': 0, 'batsman': 0}","{'player_out': 'AM Rahane', 'kind': 'lbw'}",0.0,0.0,0.0,0,0,lbw,AM Rahane,0,0,0,0,Rajasthan Royals,Jaipur,2019-04-11,male,T20,0,Chennai Super Kings,wickets,4,0,0,0,0,MS Dhoni,20,Rajasthan Royals,Chennai Super Kings,Chennai Super Kings,field,Sawai Mansingh Stadium
2.6,SV Samson,DL Chahar,0,JC Buttler,"{'extras': 0, 'total': 4, 'batsman': 4}",0,0.0,0.0,0.0,0,0,0,0,0,4,0,4,Rajasthan Royals,Jaipur,2019-04-11,male,T20,0,Chennai Super Kings,wickets,4,0,0,0,0,MS Dhoni,20,Rajasthan Royals,Chennai Super Kings,Chennai Super Kings,field,Sawai Mansingh Stadium
3.1,JC Buttler,SN Thakur,0,SV Samson,"{'extras': 0, 'total': 4, 'batsman': 4}",0,0.0,0.0,0.0,0,0,0,0,0,4,0,4,Rajasthan Royals,Jaipur,2019-04-11,male,T20,0,Chennai Super Kings,wickets,4,0,0,0,0,MS Dhoni,20,Rajasthan Royals,Chennai Super Kings,Chennai Super Kings,field,Sawai Mansingh Stadium
3.2,JC Buttler,SN Thakur,0,SV Samson,"{'extras': 0, 'total': 4, 'batsman': 4}",0,0.0,0.0,0.0,0,0,0,0,0,4,0,4,Rajasthan Royals,Jaipur,2019-04-11,male,T20,0,Chennai Super Kings,wickets,4,0,0,0,0,MS Dhoni,20,Rajasthan Royals,Chennai Super Kings,Chennai Super Kings,field,Sawai Mansingh Stadium
3.3,JC Buttler,SN Thakur,0,SV Samson,"{'extras': 0, 'total': 4, 'batsman': 4}",0,0.0,0.0,0.0,0,0,0,0,0,4,0,4,Rajasthan Royals,Jaipur,2019-04-11,male,T20,0,Chennai Super Kings,wickets,4,0,0,0,0,MS Dhoni,20,Rajasthan Royals,Chennai Super Kings,Chennai Super Kings,field,Sawai Mansingh Stadium
3.4,JC Buttler,SN Thakur,0,SV Samson,"{'extras': 0, 'total': 0, 'batsman': 0}","{'player_out': 'JC Buttler', 'fielders': ['AT Rayudu'], 'kind': 'caught'}",0.0,0.0,0.0,0,0,caught,JC Buttler,['AT Rayudu'],0,0,0,Rajasthan Royals,Jaipur,2019-04-11,male,T20,0,Chennai Super Kings,wickets,4,0,0,0,0,MS Dhoni,20,Rajasthan Royals,Chennai Super Kings,Chennai Super Kings,field,Sawai Mansingh Stadium
3.5,SV Samson,SN Thakur,0,SPD Smith,"{'extras': 0, 'total': 0, 'batsman': 0}",0,0.0,0.0,0.0,0,0,0,0,0,0,0,0,Rajasthan Royals,Jaipur,2019-04-11,male,T20,0,Chennai Super Kings,wickets,4,0,0,0,0,MS Dhoni,20,Rajasthan Royals,Chennai Super Kings,Chennai Super Kings,field,Sawai Mansingh Stadium
3.6,SV Samson,SN Thakur,0,SPD Smith,"{'extras': 0, 'total': 1, 'batsman': 1}",0,0.0,0.0,0.0,0,0,0,0,0,1,0,1,Rajasthan Royals,Jaipur,2019-04-11,male,T20,0,Chennai Super Kings,wickets,4,0,0,0,0,MS Dhoni,20,Rajasthan Royals,Chennai Super Kings,Chennai Super Kings,field,Sawai Mansingh Stadium
4.1,SV Samson,DL Chahar,0,SPD Smith,"{'extras': 0, 'total': 1, 'batsman': 1}",0,0.0,0.0,0.0,0,0,0,0,0,1,0,1,Rajasthan Royals,Jaipur,2019-04-11,male,T20,0,Chennai Super Kings,wickets,4,0,0,0,0,MS Dhoni,20,Rajasthan Royals,Chennai Super Kings,Chennai Super Kings,field,Sawai Mansingh Stadium
4.2,SPD Smith,DL Chahar,0,SV Samson,"{'extras': 0, 'total': 0, 'batsman': 0}",0,0.0,0.0,0.0,0,0,0,0,0,0,0,0,Rajasthan Royals,Jaipur,2019-04-11,male,T20,0,Chennai Super Kings,wickets,4,0,0,0,0,MS Dhoni,20,Rajasthan Royals,Chennai Super Kings,Chennai Super Kings,field,Sawai Mansingh Stadium
4.3,SPD Smith,DL Chahar,0,SV Samson,"{'extras': 0, 'total': 0, 'batsman': 0}",0,0.0,0.0,0.0,0,0,0,0,0,0,0,0,Rajasthan Royals,Jaipur,2019-04-11,male,T20,0,Chennai Super Kings,wickets,4,0,0,0,0,MS Dhoni,20,Rajasthan Royals,Chennai Super Kings,Chennai Super Kings,field,Sawai Mansingh Stadium
4.4,SPD Smith,DL Chahar,0,SV Samson,"{'extras': 0, 'total': 4, 'batsman': 4}",0,0.0,0.0,0.0,0,0,0,0,0,4,0,4,Rajasthan Royals,Jaipur,2019-04-11,male,T20,0,Chennai Super Kings,wickets,4,0,0,0,0,MS Dhoni,20,Rajasthan Royals,Chennai Super Kings,Chennai Super Kings,field,Sawai Mansingh Stadium
4.5,SPD Smith,DL Chahar,0,SV Samson,"{'extras': 0, 'total': 0, 'batsman': 0}",0,0.0,0.0,0.0,0,0,0,0,0,0,0,0,Rajasthan Royals,Jaipur,2019-04-11,male,T20,0,Chennai Super Kings,wickets,4,0,0,0,0,MS Dhoni,20,Rajasthan Royals,Chennai Super Kings,Chennai Super Kings,field,Sawai Mansingh Stadium
4.6,SPD Smith,DL Chahar,0,SV Samson,"{'extras': 0, 'total': 0, 'batsman': 0}",0,0.0,0.0,0.0,0,0,0,0,0,0,0,0,Rajasthan Royals,Jaipur,2019-04-11,male,T20,0,Chennai Super Kings,wickets,4,0,0,0,0,MS Dhoni,20,Rajasthan Royals,Chennai Super Kings,Chennai Super Kings,field,Sawai Mansingh Stadium
5.1,SV Samson,MJ Santner,0,SPD Smith,"{'extras': 0, 'total': 0, 'batsman': 0}",0,0.0,0.0,0.0,0,0,0,0,0,0,0,0,Rajasthan Royals,Jaipur,2019-04-11,male,T20,0,Chennai Super Kings,wickets,4,0,0,0,0,MS Dhoni,20,Rajasthan Royals,Chennai Super Kings,Chennai Super Kings,field,Sawai Mansingh Stadium
5.2,SV Samson,MJ Santner,0,SPD Smith,"{'extras': 0, 'total': 0, 'batsman': 0}","{'player_out': 'SV Samson', 'fielders': ['DR Shorey (sub)'], 'kind': 'caught'}",0.0,0.0,0.0,0,0,caught,SV Samson,['DR Shorey (sub)'],0,0,0,Rajasthan Royals,Jaipur,2019-04-11,male,T20,0,Chennai Super Kings,wickets,4,0,0,0,0,MS Dhoni,20,Rajasthan Royals,Chennai Super Kings,Chennai Super Kings,field,Sawai Mansingh Stadium
5.3,SPD Smith,MJ Santner,0,RA Tripathi,"{'extras': 0, 'total': 1, 'batsman': 1}",0,0.0,0.0,0.0,0,0,0,0,0,1,0,1,Rajasthan Royals,Jaipur,2019-04-11,male,T20,0,Chennai Super Kings,wickets,4,0,0,0,0,MS Dhoni,20,Rajasthan Royals,Chennai Super Kings,Chennai Super Kings,field,Sawai Mansingh Stadium
5.4,RA Tripathi,MJ Santner,0,SPD Smith,"{'extras': 0, 'total': 0, 'batsman': 0}",0,0.0,0.0,0.0,0,0,0,0,0,0,0,0,Rajasthan Royals,Jaipur,2019-04-11,male,T20,0,Chennai Super Kings,wickets,4,0,0,0,0,MS Dhoni,20,Rajasthan Royals,Chennai Super Kings,Chennai Super Kings,field,Sawai Mansingh Stadium
5.5,RA Tripathi,MJ Santner,0,SPD Smith,"{'extras': 0, 'total': 0, 'batsman': 0}",0,0.0,0.0,0.0,0,0,0,0,0,0,0,0,Rajasthan Royals,Jaipur,2019-04-11,male,T20,0,Chennai Super Kings,wickets,4,0,0,0,0,MS Dhoni,20,Rajasthan Royals,Chennai Super Kings,Chennai Super Kings,field,Sawai Mansingh Stadium
5.6,RA Tripathi,MJ Santner,0,SPD Smith,"{'extras': 0, 'total': 0, 'batsman': 0}",0,0.0,0.0,0.0,0,0,0,0,0,0,0,0,Rajasthan Royals,Jaipur,2019-04-11,male,T20,0,Chennai Super Kings,wickets,4,0,0,0,0,MS Dhoni,20,Rajasthan Royals,Chennai Super Kings,Chennai Super Kings,field,Sawai Mansingh Stadium
6.1,SPD Smith,RA Jadeja,0,RA Tripathi,"{'extras': 0, 'total': 1, 'batsman': 1}",0,0.0,0.0,0.0,0,0,0,0,0,1,0,1,Rajasthan Royals,Jaipur,2019-04-11,male,T20,0,Chennai Super Kings,wickets,4,0,0,0,0,MS Dhoni,20,Rajasthan Royals,Chennai Super Kings,Chennai Super Kings,field,Sawai Mansingh Stadium
6.2,RA Tripathi,RA Jadeja,0,SPD Smith,"{'extras': 0, 'total': 1, 'batsman': 1}",0,0.0,0.0,0.0,0,0,0,0,0,1,0,1,Rajasthan Royals,Jaipur,2019-04-11,male,T20,0,Chennai Super Kings,wickets,4,0,0,0,0,MS Dhoni,20,Rajasthan Royals,Chennai Super Kings,Chennai Super Kings,field,Sawai Mansingh Stadium
6.3,SPD Smith,RA Jadeja,0,RA Tripathi,"{'extras': 0, 'total': 0, 'batsman': 0}",0,0.0,0.0,0.0,0,0,0,0,0,0,0,0,Rajasthan Royals,Jaipur,2019-04-11,male,T20,0,Chennai Super Kings,wickets,4,0,0,0,0,MS Dhoni,20,Rajasthan Royals,Chennai Super Kings,Chennai Super Kings,field,Sawai Mansingh Stadium
6.4,SPD Smith,RA Jadeja,0,RA Tripathi,"{'extras': 0, 'total': 0, 'batsman': 0}",0,0.0,0.0,0.0,0,0,0,0,0,0,0,0,Rajasthan Royals,Jaipur,2019-04-11,male,T20,0,Chennai Super Kings,wickets,4,0,0,0,0,MS Dhoni,20,Rajasthan Royals,Chennai Super Kings,Chennai Super Kings,field,Sawai Mansingh Stadium
6.5,SPD Smith,RA Jadeja,0,RA Tripathi,"{'extras': 0, 'total': 1, 'batsman': 1}",0,0.0,0.0,0.0,0,0,0,0,0,1,0,1,Rajasthan Royals,Jaipur,2019-04-11,male,T20,0,Chennai Super Kings,wickets,4,0,0,0,0,MS Dhoni,20,Rajasthan Royals,Chennai Super Kings,Chennai Super Kings,field,Sawai Mansingh Stadium
6.6,RA Tripathi,RA Jadeja,0,SPD Smith,"{'extras': 0, 'total': 1, 'batsman': 1}",0,0.0,0.0,0.0,0,0,0,0,0,1,0,1,Rajasthan Royals,Jaipur,2019-04-11,male,T20,0,Chennai Super Kings,wickets,4,0,0,0,0,MS Dhoni,20,Rajasthan Royals,Chennai Super Kings,Chennai Super Kings,field,Sawai Mansingh Stadium
7.1,RA Tripathi,MJ Santner,0,SPD Smith,"{'extras': 0, 'total': 2, 'batsman': 2}",0,0.0,0.0,0.0,0,0,0,0,0,2,0,2,Rajasthan Royals,Jaipur,2019-04-11,male,T20,0,Chennai Super Kings,wickets,4,0,0,0,0,MS Dhoni,20,Rajasthan Royals,Chennai Super Kings,Chennai Super Kings,field,Sawai Mansingh Stadium
7.2,RA Tripathi,MJ Santner,0,SPD Smith,"{'extras': 0, 'total': 0, 'batsman': 0}",0,0.0,0.0,0.0,0,0,0,0,0,0,0,0,Rajasthan Royals,Jaipur,2019-04-11,male,T20,0,Chennai Super Kings,wickets,4,0,0,0,0,MS Dhoni,20,Rajasthan Royals,Chennai Super Kings,Chennai Super Kings,field,Sawai Mansingh Stadium
7.3,RA Tripathi,MJ Santner,0,SPD Smith,"{'extras': 0, 'total': 1, 'batsman': 1}",0,0.0,0.0,0.0,0,0,0,0,0,1,0,1,Rajasthan Royals,Jaipur,2019-04-11,male,T20,0,Chennai Super Kings,wickets,4,0,0,0,0,MS Dhoni,20,Rajasthan Royals,Chennai Super Kings,Chennai Super Kings,field,Sawai Mansingh Stadium
7.4,SPD Smith,MJ Santner,0,RA Tripathi,"{'extras': 0, 'total': 1, 'batsman': 1}",0,0.0,0.0,0.0,0,0,0,0,0,1,0,1,Rajasthan Royals,Jaipur,2019-04-11,male,T20,0,Chennai Super Kings,wickets,4,0,0,0,0,MS Dhoni,20,Rajasthan Royals,Chennai Super Kings,Chennai Super Kings,field,Sawai Mansingh Stadium
7.5,RA Tripathi,MJ Santner,0,SPD Smith,"{'extras': 0, 'total': 1, 'batsman': 1}",0,0.0,0.0,0.0,0,0,0,0,0,1,0,1,Rajasthan Royals,Jaipur,2019-04-11,male,T20,0,Chennai Super Kings,wickets,4,0,0,0,0,MS Dhoni,20,Rajasthan Royals,Chennai Super Kings,Chennai Super Kings,field,Sawai Mansingh Stadium
7.6,SPD Smith,MJ Santner,0,RA Tripathi,"{'extras': 0, 'total': 1, 'batsman': 1}",0,0.0,0.0,0.0,0,0,0,0,0,1,0,1,Rajasthan Royals,Jaipur,2019-04-11,male,T20,0,Chennai Super Kings,wickets,4,0,0,0,0,MS Dhoni,20,Rajasthan Royals,Chennai Super Kings,Chennai Super Kings,field,Sawai Mansingh Stadium
8.1,SPD Smith,RA Jadeja,0,RA Tripathi,"{'extras': 0, 'total': 0, 'batsman': 0}",0,0.0,0.0,0.0,0,0,0,0,0,0,0,0,Rajasthan Royals,Jaipur,2019-04-11,male,T20,0,Chennai Super Kings,wickets,4,0,0,0,0,MS Dhoni,20,Rajasthan Royals,Chennai Super Kings,Chennai Super Kings,field,Sawai Mansingh Stadium
8.2,SPD Smith,RA Jadeja,0,RA Tripathi,"{'extras': 0, 'total': 1, 'batsman': 1}",0,0.0,0.0,0.0,0,0,0,0,0,1,0,1,Rajasthan Royals,Jaipur,2019-04-11,male,T20,0,Chennai Super Kings,wickets,4,0,0,0,0,MS Dhoni,20,Rajasthan Royals,Chennai Super Kings,Chennai Super Kings,field,Sawai Mansingh Stadium
8.3,RA Tripathi,RA Jadeja,0,SPD Smith,"{'extras': 0, 'total': 0, 'batsman': 0}",0,0.0,0.0,0.0,0,0,0,0,0,0,0,0,Rajasthan Royals,Jaipur,2019-04-11,male,T20,0,Chennai Super Kings,wickets,4,0,0,0,0,MS Dhoni,20,Rajasthan Royals,Chennai Super Kings,Chennai Super Kings,field,Sawai Mansingh Stadium
8.4,RA Tripathi,RA Jadeja,0,SPD Smith,"{'extras': 0, 'total': 4, 'batsman': 4}",0,0.0,0.0,0.0,0,0,0,0,0,4,0,4,Rajasthan Royals,Jaipur,2019-04-11,male,T20,0,Chennai Super Kings,wickets,4,0,0,0,0,MS Dhoni,20,Rajasthan Royals,Chennai Super Kings,Chennai Super Kings,field,Sawai Mansingh Stadium
8.5,RA Tripathi,RA Jadeja,0,SPD Smith,"{'extras': 0, 'total': 0, 'batsman': 0}","{'player_out': 'RA Tripathi', 'fielders': ['KM Jadhav'], 'kind': 'caught'}",0.0,0.0,0.0,0,0,caught,RA Tripathi,['KM Jadhav'],0,0,0,Rajasthan Royals,Jaipur,2019-04-11,male,T20,0,Chennai Super Kings,wickets,4,0,0,0,0,MS Dhoni,20,Rajasthan Royals,Chennai Super Kings,Chennai Super Kings,field,Sawai Mansingh Stadium
8.6,BA Stokes,RA Jadeja,0,SPD Smith,"{'extras': 0, 'total': 2, 'batsman': 2}",0,0.0,0.0,0.0,0,0,0,0,0,2,0,2,Rajasthan Royals,Jaipur,2019-04-11,male,T20,0,Chennai Super Kings,wickets,4,0,0,0,0,MS Dhoni,20,Rajasthan Royals,Chennai Super Kings,Chennai Super Kings,field,Sawai Mansingh Stadium
9.1,SPD Smith,Imran Tahir,0,BA Stokes,"{'extras': 0, 'total': 0, 'batsman': 0}",0,0.0,0.0,0.0,0,0,0,0,0,0,0,0,Rajasthan Royals,Jaipur,2019-04-11,male,T20,0,Chennai Super Kings,wickets,4,0,0,0,0,MS Dhoni,20,Rajasthan Royals,Chennai Super Kings,Chennai Super Kings,field,Sawai Mansingh Stadium
9.2,SPD Smith,Imran Tahir,0,BA Stokes,"{'extras': 0, 'total': 0, 'batsman': 0}",0,0.0,0.0,0.0,0,0,0,0,0,0,0,0,Rajasthan Royals,Jaipur,2019-04-11,male,T20,0,Chennai Super Kings,wickets,4,0,0,0,0,MS Dhoni,20,Rajasthan Royals,Chennai Super Kings,Chennai Super Kings,field,Sawai Mansingh Stadium
9.3,SPD Smith,Imran Tahir,0,BA Stokes,"{'extras': 0, 'total': 1, 'batsman': 1}",0,0.0,0.0,0.0,0,0,0,0,0,1,0,1,Rajasthan Royals,Jaipur,2019-04-11,male,T20,0,Chennai Super Kings,wickets,4,0,0,0,0,MS Dhoni,20,Rajasthan Royals,Chennai Super Kings,Chennai Super Kings,field,Sawai Mansingh Stadium
9.4,BA Stokes,Imran Tahir,0,SPD Smith,"{'extras': 0, 'total': 0, 'batsman': 0}",0,0.0,0.0,0.0,0,0,0,0,0,0,0,0,Rajasthan Royals,Jaipur,2019-04-11,male,T20,0,Chennai Super Kings,wickets,4,0,0,0,0,MS Dhoni,20,Rajasthan Royals,Chennai Super Kings,Chennai Super Kings,field,Sawai Mansingh Stadium
9.5,BA Stokes,Imran Tahir,0,SPD Smith,"{'extras': 0, 'total': 1, 'batsman': 1}",0,0.0,0.0,0.0,0,0,0,0,0,1,0,1,Rajasthan Royals,Jaipur,2019-04-11,male,T20,0,Chennai Super Kings,wickets,4,0,0,0,0,MS Dhoni,20,Rajasthan Royals,Chennai Super Kings,Chennai Super Kings,field,Sawai Mansingh Stadium
9.6,SPD Smith,Imran Tahir,0,BA Stokes,"{'extras': 0, 'total': 1, 'batsman': 1}",0,0.0,0.0,0.0,0,0,0,0,0,1,0,1,Rajasthan Royals,Jaipur,2019-04-11,male,T20,0,Chennai Super Kings,wickets,4,0,0,0,0,MS Dhoni,20,Rajasthan Royals,Chennai Super Kings,Chennai Super Kings,field,Sawai Mansingh Stadium
10.1,SPD Smith,RA Jadeja,0,BA Stokes,"{'extras': 0, 'total': 2, 'batsman': 2}",0,0.0,0.0,0.0,0,0,0,0,0,2,0,2,Rajasthan Royals,Jaipur,2019-04-11,male,T20,0,Chennai Super Kings,wickets,4,0,0,0,0,MS Dhoni,20,Rajasthan Royals,Chennai Super Kings,Chennai Super Kings,field,Sawai Mansingh Stadium
10.2,SPD Smith,RA Jadeja,0,BA Stokes,"{'extras': 0, 'total': 1, 'batsman': 1}",0,0.0,0.0,0.0,0,0,0,0,0,1,0,1,Rajasthan Royals,Jaipur,2019-04-11,male,T20,0,Chennai Super Kings,wickets,4,0,0,0,0,MS Dhoni,20,Rajasthan Royals,Chennai Super Kings,Chennai Super Kings,field,Sawai Mansingh Stadium
10.3,BA Stokes,RA Jadeja,0,SPD Smith,"{'extras': 0, 'total': 1, 'batsman': 1}",0,0.0,0.0,0.0,0,0,0,0,0,1,0,1,Rajasthan Royals,Jaipur,2019-04-11,male,T20,0,Chennai Super Kings,wickets,4,0,0,0,0,MS Dhoni,20,Rajasthan Royals,Chennai Super Kings,Chennai Super Kings,field,Sawai Mansingh Stadium
10.4,SPD Smith,RA Jadeja,0,BA Stokes,"{'extras': 0, 'total': 0, 'batsman': 0}",0,0.0,0.0,0.0,0,0,0,0,0,0,0,0,Rajasthan Royals,Jaipur,2019-04-11,male,T20,0,Chennai Super Kings,wickets,4,0,0,0,0,MS Dhoni,20,Rajasthan Royals,Chennai Super Kings,Chennai Super Kings,field,Sawai Mansingh Stadium
10.5,SPD Smith,RA Jadeja,0,BA Stokes,"{'extras': 0, 'total': 0, 'batsman': 0}","{'player_out': 'SPD Smith', 'fielders': ['AT Rayudu'], 'kind': 'caught'}",0.0,0.0,0.0,0,0,caught,SPD Smith,['AT Rayudu'],0,0,0,Rajasthan Royals,Jaipur,2019-04-11,male,T20,0,Chennai Super Kings,wickets,4,0,0,0,0,MS Dhoni,20,Rajasthan Royals,Chennai Super Kings,Chennai Super Kings,field,Sawai Mansingh Stadium
10.6,R Parag,RA Jadeja,0,BA Stokes,"{'extras': 0, 'total': 1, 'batsman': 1}",0,0.0,0.0,0.0,0,0,0,0,0,1,0,1,Rajasthan Royals,Jaipur,2019-04-11,male,T20,0,Chennai Super Kings,wickets,4,0,0,0,0,MS Dhoni,20,Rajasthan Royals,Chennai Super Kings,Chennai Super Kings,field,Sawai Mansingh Stadium
11.1,R Parag,Imran Tahir,0,BA Stokes,"{'extras': 0, 'total': 1, 'batsman': 1}",0,0.0,0.0,0.0,0,0,0,0,0,1,0,1,Rajasthan Royals,Jaipur,2019-04-11,male,T20,0,Chennai Super Kings,wickets,4,0,0,0,0,MS Dhoni,20,Rajasthan Royals,Chennai Super Kings,Chennai Super Kings,field,Sawai Mansingh Stadium
11.2,BA Stokes,Imran Tahir,0,R Parag,"{'extras': 0, 'total': 1, 'batsman': 1}",0,0.0,0.0,0.0,0,0,0,0,0,1,0,1,Rajasthan Royals,Jaipur,2019-04-11,male,T20,0,Chennai Super Kings,wickets,4,0,0,0,0,MS Dhoni,20,Rajasthan Royals,Chennai Super Kings,Chennai Super Kings,field,Sawai Mansingh Stadium
11.3,R Parag,Imran Tahir,0,BA Stokes,"{'extras': 0, 'total': 1, 'batsman': 1}",0,0.0,0.0,0.0,0,0,0,0,0,1,0,1,Rajasthan Royals,Jaipur,2019-04-11,male,T20,0,Chennai Super Kings,wickets,4,0,0,0,0,MS Dhoni,20,Rajasthan Royals,Chennai Super Kings,Chennai Super Kings,field,Sawai Mansingh Stadium
11.4,BA Stokes,Imran Tahir,0,R Parag,"{'extras': 0, 'total': 1, 'batsman': 1}",0,0.0,0.0,0.0,0,0,0,0,0,1,0,1,Rajasthan Royals,Jaipur,2019-04-11,male,T20,0,Chennai Super Kings,wickets,4,0,0,0,0,MS Dhoni,20,Rajasthan Royals,Chennai Super Kings,Chennai Super Kings,field,Sawai Mansingh Stadium
11.5,R Parag,Imran Tahir,0,BA Stokes,"{'extras': 0, 'total': 1, 'batsman': 1}",0,0.0,0.0,0.0,0,0,0,0,0,1,0,1,Rajasthan Royals,Jaipur,2019-04-11,male,T20,0,Chennai Super Kings,wickets,4,0,0,0,0,MS Dhoni,20,Rajasthan Royals,Chennai Super Kings,Chennai Super Kings,field,Sawai Mansingh Stadium
11.6,BA Stokes,Imran Tahir,0,R Parag,"{'extras': 0, 'total': 1, 'batsman': 1}",0,0.0,0.0,0.0,0,0,0,0,0,1,0,1,Rajasthan Royals,Jaipur,2019-04-11,male,T20,0,Chennai Super Kings,wickets,4,0,0,0,0,MS Dhoni,20,Rajasthan Royals,Chennai Super Kings,Chennai Super Kings,field,Sawai Mansingh Stadium
12.1,BA Stokes,MJ Santner,0,R Parag,"{'extras': 0, 'total': 1, 'batsman': 1}",0,0.0,0.0,0.0,0,0,0,0,0,1,0,1,Rajasthan Royals,Jaipur,2019-04-11,male,T20,0,Chennai Super Kings,wickets,4,0,0,0,0,MS Dhoni,20,Rajasthan Royals,Chennai Super Kings,Chennai Super Kings,field,Sawai Mansingh Stadium
12.2,R Parag,MJ Santner,0,BA Stokes,"{'extras': 0, 'total': 1, 'batsman': 1}",0,0.0,0.0,0.0,0,0,0,0,0,1,0,1,Rajasthan Royals,Jaipur,2019-04-11,male,T20,0,Chennai Super Kings,wickets,4,0,0,0,0,MS Dhoni,20,Rajasthan Royals,Chennai Super Kings,Chennai Super Kings,field,Sawai Mansingh Stadium
12.3,BA Stokes,MJ Santner,0,R Parag,"{'extras': 0, 'total': 0, 'batsman': 0}",0,0.0,0.0,0.0,0,0,0,0,0,0,0,0,Rajasthan Royals,Jaipur,2019-04-11,male,T20,0,Chennai Super Kings,wickets,4,0,0,0,0,MS Dhoni,20,Rajasthan Royals,Chennai Super Kings,Chennai Super Kings,field,Sawai Mansingh Stadium
12.4,BA Stokes,MJ Santner,0,R Parag,"{'extras': 0, 'total': 0, 'batsman': 0}",0,0.0,0.0,0.0,0,0,0,0,0,0,0,0,Rajasthan Royals,Jaipur,2019-04-11,male,T20,0,Chennai Super Kings,wickets,4,0,0,0,0,MS Dhoni,20,Rajasthan Royals,Chennai Super Kings,Chennai Super Kings,field,Sawai Mansingh Stadium
12.5,BA Stokes,MJ Santner,0,R Parag,"{'extras': 0, 'total': 1, 'batsman': 1}",0,0.0,0.0,0.0,0,0,0,0,0,1,0,1,Rajasthan Royals,Jaipur,2019-04-11,male,T20,0,Chennai Super Kings,wickets,4,0,0,0,0,MS Dhoni,20,Rajasthan Royals,Chennai Super Kings,Chennai Super Kings,field,Sawai Mansingh Stadium
12.6,R Parag,MJ Santner,0,BA Stokes,"{'extras': 0, 'total': 1, 'batsman': 1}",0,0.0,0.0,0.0,0,0,0,0,0,1,0,1,Rajasthan Royals,Jaipur,2019-04-11,male,T20,0,Chennai Super Kings,wickets,4,0,0,0,0,MS Dhoni,20,Rajasthan Royals,Chennai Super Kings,Chennai Super Kings,field,Sawai Mansingh Stadium
13.1,R Parag,Imran Tahir,0,BA Stokes,"{'extras': 0, 'total': 4, 'batsman': 4}",0,0.0,0.0,0.0,0,0,0,0,0,4,0,4,Rajasthan Royals,Jaipur,2019-04-11,male,T20,0,Chennai Super Kings,wickets,4,0,0,0,0,MS Dhoni,20,Rajasthan Royals,Chennai Super Kings,Chennai Super Kings,field,Sawai Mansingh Stadium
13.2,R Parag,Imran Tahir,0,BA Stokes,"{'extras': 0, 'total': 0, 'batsman': 0}",0,0.0,0.0,0.0,0,0,0,0,0,0,0,0,Rajasthan Royals,Jaipur,2019-04-11,male,T20,0,Chennai Super Kings,wickets,4,0,0,0,0,MS Dhoni,20,Rajasthan Royals,Chennai Super Kings,Chennai Super Kings,field,Sawai Mansingh Stadium
13.3,R Parag,Imran Tahir,0,BA Stokes,"{'extras': 0, 'total': 4, 'batsman': 4}",0,0.0,0.0,0.0,0,0,0,0,0,4,0,4,Rajasthan Royals,Jaipur,2019-04-11,male,T20,0,Chennai Super Kings,wickets,4,0,0,0,0,MS Dhoni,20,Rajasthan Royals,Chennai Super Kings,Chennai Super Kings,field,Sawai Mansingh Stadium
13.4,R Parag,Imran Tahir,0,BA Stokes,"{'extras': 0, 'total': 0, 'batsman': 0}",0,0.0,0.0,0.0,0,0,0,0,0,0,0,0,Rajasthan Royals,Jaipur,2019-04-11,male,T20,0,Chennai Super Kings,wickets,4,0,0,0,0,MS Dhoni,20,Rajasthan Royals,Chennai Super Kings,Chennai Super Kings,field,Sawai Mansingh Stadium
13.5,R Parag,Imran Tahir,0,BA Stokes,"{'extras': 0, 'total': 1, 'batsman': 1}",0,0.0,0.0,0.0,0,0,0,0,0,1,0,1,Rajasthan Royals,Jaipur,2019-04-11,male,T20,0,Chennai Super Kings,wickets,4,0,0,0,0,MS Dhoni,20,Rajasthan Royals,Chennai Super Kings,Chennai Super Kings,field,Sawai Mansingh Stadium
13.6,BA Stokes,Imran Tahir,0,R Parag,"{'extras': 0, 'total': 0, 'batsman': 0}",0,0.0,0.0,0.0,0,0,0,0,0,0,0,0,Rajasthan Royals,Jaipur,2019-04-11,male,T20,0,Chennai Super Kings,wickets,4,0,0,0,0,MS Dhoni,20,Rajasthan Royals,Chennai Super Kings,Chennai Super Kings,field,Sawai Mansingh Stadium
14.1,R Parag,SN Thakur,0,BA Stokes,"{'extras': 0, 'total': 1, 'batsman': 1}",0,0.0,0.0,0.0,0,0,0,0,0,1,0,1,Rajasthan Royals,Jaipur,2019-04-11,male,T20,0,Chennai Super Kings,wickets,4,0,0,0,0,MS Dhoni,20,Rajasthan Royals,Chennai Super Kings,Chennai Super Kings,field,Sawai Mansingh Stadium
14.2,BA Stokes,SN Thakur,0,R Parag,"{'extras': 0, 'total': 0, 'batsman': 0}",0,0.0,0.0,0.0,0,0,0,0,0,0,0,0,Rajasthan Royals,Jaipur,2019-04-11,male,T20,0,Chennai Super Kings,wickets,4,0,0,0,0,MS Dhoni,20,Rajasthan Royals,Chennai Super Kings,Chennai Super Kings,field,Sawai Mansingh Stadium
14.3,BA Stokes,SN Thakur,{'wides': 1},R Parag,"{'extras': 1, 'total': 1, 'batsman': 0}",0,1.0,0.0,0.0,0,0,0,0,0,0,1,1,Rajasthan Royals,Jaipur,2019-04-11,male,T20,0,Chennai Super Kings,wickets,4,0,0,0,0,MS Dhoni,20,Rajasthan Royals,Chennai Super Kings,Chennai Super Kings,field,Sawai Mansingh Stadium
14.4,BA Stokes,SN Thakur,0,R Parag,"{'extras': 0, 'total': 2, 'batsman': 2}",0,0.0,0.0,0.0,0,0,0,0,0,2,0,2,Rajasthan Royals,Jaipur,2019-04-11,male,T20,0,Chennai Super Kings,wickets,4,0,0,0,0,MS Dhoni,20,Rajasthan Royals,Chennai Super Kings,Chennai Super Kings,field,Sawai Mansingh Stadium
14.5,BA Stokes,SN Thakur,0,R Parag,"{'extras': 0, 'total': 1, 'batsman': 1}",0,0.0,0.0,0.0,0,0,0,0,0,1,0,1,Rajasthan Royals,Jaipur,2019-04-11,male,T20,0,Chennai Super Kings,wickets,4,0,0,0,0,MS Dhoni,20,Rajasthan Royals,Chennai Super Kings,Chennai Super Kings,field,Sawai Mansingh Stadium
14.6,R Parag,SN Thakur,0,BA Stokes,"{'extras': 0, 'total': 0, 'batsman': 0}",0,0.0,0.0,0.0,0,0,0,0,0,0,0,0,Rajasthan Royals,Jaipur,2019-04-11,male,T20,0,Chennai Super Kings,wickets,4,0,0,0,0,MS Dhoni,20,Rajasthan Royals,Chennai Super Kings,Chennai Super Kings,field,Sawai Mansingh Stadium
14.7,R Parag,SN Thakur,0,BA Stokes,"{'extras': 0, 'total': 0, 'batsman': 0}","{'player_out': 'R Parag', 'fielders': ['MS Dhoni'], 'kind': 'caught'}",0.0,0.0,0.0,0,0,caught,R Parag,['MS Dhoni'],0,0,0,Rajasthan Royals,Jaipur,2019-04-11,male,T20,0,Chennai Super Kings,wickets,4,0,0,0,0,MS Dhoni,20,Rajasthan Royals,Chennai Super Kings,Chennai Super Kings,field,Sawai Mansingh Stadium
15.1,BA Stokes,Imran Tahir,0,JC Archer,"{'extras': 0, 'total': 1, 'batsman': 1}",0,0.0,0.0,0.0,0,0,0,0,0,1,0,1,Rajasthan Royals,Jaipur,2019-04-11,male,T20,0,Chennai Super Kings,wickets,4,0,0,0,0,MS Dhoni,20,Rajasthan Royals,Chennai Super Kings,Chennai Super Kings,field,Sawai Mansingh Stadium
15.2,JC Archer,Imran Tahir,0,BA Stokes,"{'extras': 0, 'total': 1, 'batsman': 1}",0,0.0,0.0,0.0,0,0,0,0,0,1,0,1,Rajasthan Royals,Jaipur,2019-04-11,male,T20,0,Chennai Super Kings,wickets,4,0,0,0,0,MS Dhoni,20,Rajasthan Royals,Chennai Super Kings,Chennai Super Kings,field,Sawai Mansingh Stadium
15.3,BA Stokes,Imran Tahir,0,JC Archer,"{'extras': 0, 'total': 4, 'batsman': 4}",0,0.0,0.0,0.0,0,0,0,0,0,4,0,4,Rajasthan Royals,Jaipur,2019-04-11,male,T20,0,Chennai Super Kings,wickets,4,0,0,0,0,MS Dhoni,20,Rajasthan Royals,Chennai Super Kings,Chennai Super Kings,field,Sawai Mansingh Stadium
15.4,BA Stokes,Imran Tahir,0,JC Archer,"{'extras': 0, 'total': 1, 'batsman': 1}",0,0.0,0.0,0.0,0,0,0,0,0,1,0,1,Rajasthan Royals,Jaipur,2019-04-11,male,T20,0,Chennai Super Kings,wickets,4,0,0,0,0,MS Dhoni,20,Rajasthan Royals,Chennai Super Kings,Chennai Super Kings,field,Sawai Mansingh Stadium
15.5,JC Archer,Imran Tahir,0,BA Stokes,"{'extras': 0, 'total': 1, 'batsman': 1}",0,0.0,0.0,0.0,0,0,0,0,0,1,0,1,Rajasthan Royals,Jaipur,2019-04-11,male,T20,0,Chennai Super Kings,wickets,4,0,0,0,0,MS Dhoni,20,Rajasthan Royals,Chennai Super Kings,Chennai Super Kings,field,Sawai Mansingh Stadium
15.6,BA Stokes,Imran Tahir,0,JC Archer,"{'extras': 0, 'total': 2, 'batsman': 2}",0,0.0,0.0,0.0,0,0,0,0,0,2,0,2,Rajasthan Royals,Jaipur,2019-04-11,male,T20,0,Chennai Super Kings,wickets,4,0,0,0,0,MS Dhoni,20,Rajasthan Royals,Chennai Super Kings,Chennai Super Kings,field,Sawai Mansingh Stadium
16.1,JC Archer,RA Jadeja,0,BA Stokes,"{'extras': 0, 'total': 0, 'batsman': 0}",0,0.0,0.0,0.0,0,0,0,0,0,0,0,0,Rajasthan Royals,Jaipur,2019-04-11,male,T20,0,Chennai Super Kings,wickets,4,0,0,0,0,MS Dhoni,20,Rajasthan Royals,Chennai Super Kings,Chennai Super Kings,field,Sawai Mansingh Stadium
16.2,JC Archer,RA Jadeja,0,BA Stokes,"{'extras': 0, 'total': 1, 'batsman': 1}",0,0.0,0.0,0.0,0,0,0,0,0,1,0,1,Rajasthan Royals,Jaipur,2019-04-11,male,T20,0,Chennai Super Kings,wickets,4,0,0,0,0,MS Dhoni,20,Rajasthan Royals,Chennai Super Kings,Chennai Super Kings,field,Sawai Mansingh Stadium
16.3,BA Stokes,RA Jadeja,0,JC Archer,"{'extras': 0, 'total': 1, 'batsman': 1}",0,0.0,0.0,0.0,0,0,0,0,0,1,0,1,Rajasthan Royals,Jaipur,2019-04-11,male,T20,0,Chennai Super Kings,wickets,4,0,0,0,0,MS Dhoni,20,Rajasthan Royals,Chennai Super Kings,Chennai Super Kings,field,Sawai Mansingh Stadium
16.4,JC Archer,RA Jadeja,0,BA Stokes,"{'extras': 0, 'total': 1, 'batsman': 1}",0,0.0,0.0,0.0,0,0,0,0,0,1,0,1,Rajasthan Royals,Jaipur,2019-04-11,male,T20,0,Chennai Super Kings,wickets,4,0,0,0,0,MS Dhoni,20,Rajasthan Royals,Chennai Super Kings,Chennai Super Kings,field,Sawai Mansingh Stadium
16.5,BA Stokes,RA Jadeja,0,JC Archer,"{'extras': 0, 'total': 1, 'batsman': 1}",0,0.0,0.0,0.0,0,0,0,0,0,1,0,1,Rajasthan Royals,Jaipur,2019-04-11,male,T20,0,Chennai Super Kings,wickets,4,0,0,0,0,MS Dhoni,20,Rajasthan Royals,Chennai Super Kings,Chennai Super Kings,field,Sawai Mansingh Stadium
16.6,JC Archer,RA Jadeja,0,BA Stokes,"{'extras': 0, 'total': 0, 'batsman': 0}",0,0.0,0.0,0.0,0,0,0,0,0,0,0,0,Rajasthan Royals,Jaipur,2019-04-11,male,T20,0,Chennai Super Kings,wickets,4,0,0,0,0,MS Dhoni,20,Rajasthan Royals,Chennai Super Kings,Chennai Super Kings,field,Sawai Mansingh Stadium
17.1,BA Stokes,SN Thakur,0,JC Archer,"{'extras': 0, 'total': 2, 'batsman': 2}",0,0.0,0.0,0.0,0,0,0,0,0,2,0,2,Rajasthan Royals,Jaipur,2019-04-11,male,T20,0,Chennai Super Kings,wickets,4,0,0,0,0,MS Dhoni,20,Rajasthan Royals,Chennai Super Kings,Chennai Super Kings,field,Sawai Mansingh Stadium
17.2,BA Stokes,SN Thakur,0,JC Archer,"{'extras': 0, 'total': 2, 'batsman': 2}",0,0.0,0.0,0.0,0,0,0,0,0,2,0,2,Rajasthan Royals,Jaipur,2019-04-11,male,T20,0,Chennai Super Kings,wickets,4,0,0,0,0,MS Dhoni,20,Rajasthan Royals,Chennai Super Kings,Chennai Super Kings,field,Sawai Mansingh Stadium
17.3,BA Stokes,SN Thakur,0,JC Archer,"{'extras': 0, 'total': 1, 'batsman': 1}",0,0.0,0.0,0.0,0,0,0,0,0,1,0,1,Rajasthan Royals,Jaipur,2019-04-11,male,T20,0,Chennai Super Kings,wickets,4,0,0,0,0,MS Dhoni,20,Rajasthan Royals,Chennai Super Kings,Chennai Super Kings,field,Sawai Mansingh Stadium
17.4,JC Archer,SN Thakur,0,BA Stokes,"{'extras': 0, 'total': 1, 'batsman': 1}",0,0.0,0.0,0.0,0,0,0,0,0,1,0,1,Rajasthan Royals,Jaipur,2019-04-11,male,T20,0,Chennai Super Kings,wickets,4,0,0,0,0,MS Dhoni,20,Rajasthan Royals,Chennai Super Kings,Chennai Super Kings,field,Sawai Mansingh Stadium
17.5,BA Stokes,SN Thakur,0,JC Archer,"{'extras': 0, 'total': 1, 'batsman': 1}",0,0.0,0.0,0.0,0,0,0,0,0,1,0,1,Rajasthan Royals,Jaipur,2019-04-11,male,T20,0,Chennai Super Kings,wickets,4,0,0,0,0,MS Dhoni,20,Rajasthan Royals,Chennai Super Kings,Chennai Super Kings,field,Sawai Mansingh Stadium
17.6,JC Archer,SN Thakur,0,BA Stokes,"{'extras': 0, 'total': 1, 'batsman': 1}",0,0.0,0.0,0.0,0,0,0,0,0,1,0,1,Rajasthan Royals,Jaipur,2019-04-11,male,T20,0,Chennai Super Kings,wickets,4,0,0,0,0,MS Dhoni,20,Rajasthan Royals,Chennai Super Kings,Chennai Super Kings,field,Sawai Mansingh Stadium
18.1,JC Archer,DL Chahar,0,BA Stokes,"{'extras': 0, 'total': 1, 'batsman': 1}",0,0.0,0.0,0.0,0,0,0,0,0,1,0,1,Rajasthan Royals,Jaipur,2019-04-11,male,T20,0,Chennai Super Kings,wickets,4,0,0,0,0,MS Dhoni,20,Rajasthan Royals,Chennai Super Kings,Chennai Super Kings,field,Sawai Mansingh Stadium
18.2,BA Stokes,DL Chahar,0,JC Archer,"{'extras': 0, 'total': 0, 'batsman': 0}","{'player_out': 'BA Stokes', 'kind': 'bowled'}",0.0,0.0,0.0,0,0,bowled,BA Stokes,0,0,0,0,Rajasthan Royals,Jaipur,2019-04-11,male,T20,0,Chennai Super Kings,wickets,4,0,0,0,0,MS Dhoni,20,Rajasthan Royals,Chennai Super Kings,Chennai Super Kings,field,Sawai Mansingh Stadium
18.3,S Gopal,DL Chahar,0,JC Archer,"{'extras': 0, 'total': 1, 'batsman': 1}",0,0.0,0.0,0.0,0,0,0,0,0,1,0,1,Rajasthan Royals,Jaipur,2019-04-11,male,T20,0,Chennai Super Kings,wickets,4,0,0,0,0,MS Dhoni,20,Rajasthan Royals,Chennai Super Kings,Chennai Super Kings,field,Sawai Mansingh Stadium
18.4,JC Archer,DL Chahar,0,S Gopal,"{'extras': 0, 'total': 1, 'batsman': 1}",0,0.0,0.0,0.0,0,0,0,0,0,1,0,1,Rajasthan Royals,Jaipur,2019-04-11,male,T20,0,Chennai Super Kings,wickets,4,0,0,0,0,MS Dhoni,20,Rajasthan Royals,Chennai Super Kings,Chennai Super Kings,field,Sawai Mansingh Stadium
18.5,S Gopal,DL Chahar,0,JC Archer,"{'extras': 0, 'total': 4, 'batsman': 4}",0,0.0,0.0,0.0,0,0,0,0,0,4,0,4,Rajasthan Royals,Jaipur,2019-04-11,male,T20,0,Chennai Super Kings,wickets,4,0,0,0,0,MS Dhoni,20,Rajasthan Royals,Chennai Super Kings,Chennai Super Kings,field,Sawai Mansingh Stadium
18.6,S Gopal,DL Chahar,0,JC Archer,"{'extras': 0, 'total': 1, 'batsman': 1}",0,0.0,0.0,0.0,0,0,0,0,0,1,0,1,Rajasthan Royals,Jaipur,2019-04-11,male,T20,0,Chennai Super Kings,wickets,4,0,0,0,0,MS Dhoni,20,Rajasthan Royals,Chennai Super Kings,Chennai Super Kings,field,Sawai Mansingh Stadium
19.1,S Gopal,SN Thakur,0,JC Archer,"{'extras': 0, 'total': 2, 'batsman': 2}",0,0.0,0.0,0.0,0,0,0,0,0,2,0,2,Rajasthan Royals,Jaipur,2019-04-11,male,T20,0,Chennai Super Kings,wickets,4,0,0,0,0,MS Dhoni,20,Rajasthan Royals,Chennai Super Kings,Chennai Super Kings,field,Sawai Mansingh Stadium
19.2,S Gopal,SN Thakur,0,JC Archer,"{'extras': 0, 'total': 4, 'batsman': 4}",0,0.0,0.0,0.0,0,0,0,0,0,4,0,4,Rajasthan Royals,Jaipur,2019-04-11,male,T20,0,Chennai Super Kings,wickets,4,0,0,0,0,MS Dhoni,20,Rajasthan Royals,Chennai Super Kings,Chennai Super Kings,field,Sawai Mansingh Stadium
19.3,S Gopal,SN Thakur,0,JC Archer,"{'extras': 0, 'total': 6, 'batsman': 6}",0,0.0,0.0,0.0,0,0,0,0,0,6,0,6,Rajasthan Royals,Jaipur,2019-04-11,male,T20,0,Chennai Super Kings,wickets,4,0,0,0,0,MS Dhoni,20,Rajasthan Royals,Chennai Super Kings,Chennai Super Kings,field,Sawai Mansingh Stadium
19.4,S Gopal,SN Thakur,0,JC Archer,"{'extras': 0, 'total': 1, 'batsman': 1}",0,0.0,0.0,0.0,0,0,0,0,0,1,0,1,Rajasthan Royals,Jaipur,2019-04-11,male,T20,0,Chennai Super Kings,wickets,4,0,0,0,0,MS Dhoni,20,Rajasthan Royals,Chennai Super Kings,Chennai Super Kings,field,Sawai Mansingh Stadium
19.5,JC Archer,SN Thakur,0,S Gopal,"{'extras': 0, 'total': 4, 'batsman': 4}",0,0.0,0.0,0.0,0,0,0,0,0,4,0,4,Rajasthan Royals,Jaipur,2019-04-11,male,T20,0,Chennai Super Kings,wickets,4,0,0,0,0,MS Dhoni,20,Rajasthan Royals,Chennai Super Kings,Chennai Super Kings,field,Sawai Mansingh Stadium
19.6,JC Archer,SN Thakur,0,S Gopal,"{'extras': 0, 'total': 1, 'batsman': 1}",0,0.0,0.0,0.0,0,0,0,0,0,1,0,1,Rajasthan Royals,Jaipur,2019-04-11,male,T20,0,Chennai Super Kings,wickets,4,0,0,0,0,MS Dhoni,20,Rajasthan Royals,Chennai Super Kings,Chennai Super Kings,field,Sawai Mansingh Stadium
0.1,SR Watson,DS Kulkarni,0,F du Plessis,"{'extras': 0, 'total': 0, 'batsman': 0}",0,0.0,0.0,0.0,0,0,0,0,0,0,0,0,Chennai Super Kings,Jaipur,2019-04-11,male,T20,0,Chennai Super Kings,wickets,4,0,0,0,0,MS Dhoni,20,Rajasthan Royals,Chennai Super Kings,Chennai Super Kings,field,Sawai Mansingh Stadium
0.2,SR Watson,DS Kulkarni,0,F du Plessis,"{'extras': 0, 'total': 0, 'batsman': 0}",0,0.0,0.0,0.0,0,0,0,0,0,0,0,0,Chennai Super Kings,Jaipur,2019-04-11,male,T20,0,Chennai Super Kings,wickets,4,0,0,0,0,MS Dhoni,20,Rajasthan Royals,Chennai Super Kings,Chennai Super Kings,field,Sawai Mansingh Stadium
0.3,SR Watson,DS Kulkarni,0,F du Plessis,"{'extras': 0, 'total': 0, 'batsman': 0}",0,0.0,0.0,0.0,0,0,0,0,0,0,0,0,Chennai Super Kings,Jaipur,2019-04-11,male,T20,0,Chennai Super Kings,wickets,4,0,0,0,0,MS Dhoni,20,Rajasthan Royals,Chennai Super Kings,Chennai Super Kings,field,Sawai Mansingh Stadium
0.4,SR Watson,DS Kulkarni,0,F du Plessis,"{'extras': 0, 'total': 0, 'batsman': 0}","{'player_out': 'SR Watson', 'kind': 'bowled'}",0.0,0.0,0.0,0,0,bowled,SR Watson,0,0,0,0,Chennai Super Kings,Jaipur,2019-04-11,male,T20,0,Chennai Super Kings,wickets,4,0,0,0,0,MS Dhoni,20,Rajasthan Royals,Chennai Super Kings,Chennai Super Kings,field,Sawai Mansingh Stadium
0.5,SK Raina,DS Kulkarni,0,F du Plessis,"{'extras': 0, 'total': 0, 'batsman': 0}",0,0.0,0.0,0.0,0,0,0,0,0,0,0,0,Chennai Super Kings,Jaipur,2019-04-11,male,T20,0,Chennai Super Kings,wickets,4,0,0,0,0,MS Dhoni,20,Rajasthan Royals,Chennai Super Kings,Chennai Super Kings,field,Sawai Mansingh Stadium
0.6,SK Raina,DS Kulkarni,0,F du Plessis,"{'extras': 0, 'total': 0, 'batsman': 0}",0,0.0,0.0,0.0,0,0,0,0,0,0,0,0,Chennai Super Kings,Jaipur,2019-04-11,male,T20,0,Chennai Super Kings,wickets,4,0,0,0,0,MS Dhoni,20,Rajasthan Royals,Chennai Super Kings,Chennai Super Kings,field,Sawai Mansingh Stadium
1.1,F du Plessis,JD Unadkat,0,SK Raina,"{'extras': 0, 'total': 0, 'batsman': 0}",0,0.0,0.0,0.0,0,0,0,0,0,0,0,0,Chennai Super Kings,Jaipur,2019-04-11,male,T20,0,Chennai Super Kings,wickets,4,0,0,0,0,MS Dhoni,20,Rajasthan Royals,Chennai Super Kings,Chennai Super Kings,field,Sawai Mansingh Stadium
1.2,F du Plessis,JD Unadkat,0,SK Raina,"{'extras': 0, 'total': 0, 'batsman': 0}",0,0.0,0.0,0.0,0,0,0,0,0,0,0,0,Chennai Super Kings,Jaipur,2019-04-11,male,T20,0,Chennai Super Kings,wickets,4,0,0,0,0,MS Dhoni,20,Rajasthan Royals,Chennai Super Kings,Chennai Super Kings,field,Sawai Mansingh Stadium
1.3,F du Plessis,JD Unadkat,0,SK Raina,"{'extras': 0, 'total': 1, 'batsman': 1}",0,0.0,0.0,0.0,0,0,0,0,0,1,0,1,Chennai Super Kings,Jaipur,2019-04-11,male,T20,0,Chennai Super Kings,wickets,4,0,0,0,0,MS Dhoni,20,Rajasthan Royals,Chennai Super Kings,Chennai Super Kings,field,Sawai Mansingh Stadium
1.4,SK Raina,JD Unadkat,0,F du Plessis,"{'extras': 0, 'total': 4, 'batsman': 4}",0,0.0,0.0,0.0,0,0,0,0,0,4,0,4,Chennai Super Kings,Jaipur,2019-04-11,male,T20,0,Chennai Super Kings,wickets,4,0,0,0,0,MS Dhoni,20,Rajasthan Royals,Chennai Super Kings,Chennai Super Kings,field,Sawai Mansingh Stadium
1.5,SK Raina,JD Unadkat,0,F du Plessis,"{'extras': 0, 'total': 0, 'batsman': 0}","{'player_out': 'SK Raina', 'kind': 'run out'}",0.0,0.0,0.0,0,0,run out,SK Raina,0,0,0,0,Chennai Super Kings,Jaipur,2019-04-11,male,T20,0,Chennai Super Kings,wickets,4,0,0,0,0,MS Dhoni,20,Rajasthan Royals,Chennai Super Kings,Chennai Super Kings,field,Sawai Mansingh Stadium
1.6,F du Plessis,JD Unadkat,0,AT Rayudu,"{'extras': 0, 'total': 0, 'batsman': 0}",0,0.0,0.0,0.0,0,0,0,0,0,0,0,0,Chennai Super Kings,Jaipur,2019-04-11,male,T20,0,Chennai Super Kings,wickets,4,0,0,0,0,MS Dhoni,20,Rajasthan Royals,Chennai Super Kings,Chennai Super Kings,field,Sawai Mansingh Stadium
2.1,AT Rayudu,DS Kulkarni,0,F du Plessis,"{'extras': 0, 'total': 1, 'batsman': 1}",0,0.0,0.0,0.0,0,0,0,0,0,1,0,1,Chennai Super Kings,Jaipur,2019-04-11,male,T20,0,Chennai Super Kings,wickets,4,0,0,0,0,MS Dhoni,20,Rajasthan Royals,Chennai Super Kings,Chennai Super Kings,field,Sawai Mansingh Stadium
2.2,F du Plessis,DS Kulkarni,0,AT Rayudu,"{'extras': 0, 'total': 2, 'batsman': 2}",0,0.0,0.0,0.0,0,0,0,0,0,2,0,2,Chennai Super Kings,Jaipur,2019-04-11,male,T20,0,Chennai Super Kings,wickets,4,0,0,0,0,MS Dhoni,20,Rajasthan Royals,Chennai Super Kings,Chennai Super Kings,field,Sawai Mansingh Stadium
2.3,F du Plessis,DS Kulkarni,0,AT Rayudu,"{'extras': 0, 'total': 1, 'batsman': 1}",0,0.0,0.0,0.0,0,0,0,0,0,1,0,1,Chennai Super Kings,Jaipur,2019-04-11,male,T20,0,Chennai Super Kings,wickets,4,0,0,0,0,MS Dhoni,20,Rajasthan Royals,Chennai Super Kings,Chennai Super Kings,field,Sawai Mansingh Stadium
2.4,AT Rayudu,DS Kulkarni,0,F du Plessis,"{'extras': 0, 'total': 1, 'batsman': 1}",0,0.0,0.0,0.0,0,0,0,0,0,1,0,1,Chennai Super Kings,Jaipur,2019-04-11,male,T20,0,Chennai Super Kings,wickets,4,0,0,0,0,MS Dhoni,20,Rajasthan Royals,Chennai Super Kings,Chennai Super Kings,field,Sawai Mansingh Stadium
2.5,F du Plessis,DS Kulkarni,0,AT Rayudu,"{'extras': 0, 'total': 0, 'batsman': 0}",0,0.0,0.0,0.0,0,0,0,0,0,0,0,0,Chennai Super Kings,Jaipur,2019-04-11,male,T20,0,Chennai Super Kings,wickets,4,0,0,0,0,MS Dhoni,20,Rajasthan Royals,Chennai Super Kings,Chennai Super Kings,field,Sawai Mansingh Stadium
2.6,F du Plessis,DS Kulkarni,0,AT Rayudu,"{'extras': 0, 'total': 0, 'batsman': 0}",0,0.0,0.0,0.0,0,0,0,0,0,0,0,0,Chennai Super Kings,Jaipur,2019-04-11,male,T20,0,Chennai Super Kings,wickets,4,0,0,0,0,MS Dhoni,20,Rajasthan Royals,Chennai Super Kings,Chennai Super Kings,field,Sawai Mansingh Stadium
3.1,AT Rayudu,JD Unadkat,0,F du Plessis,"{'extras': 0, 'total': 0, 'batsman': 0}",0,0.0,0.0,0.0,0,0,0,0,0,0,0,0,Chennai Super Kings,Jaipur,2019-04-11,male,T20,0,Chennai Super Kings,wickets,4,0,0,0,0,MS Dhoni,20,Rajasthan Royals,Chennai Super Kings,Chennai Super Kings,field,Sawai Mansingh Stadium
3.2,AT Rayudu,JD Unadkat,0,F du Plessis,"{'extras': 0, 'total': 1, 'batsman': 1}",0,0.0,0.0,0.0,0,0,0,0,0,1,0,1,Chennai Super Kings,Jaipur,2019-04-11,male,T20,0,Chennai Super Kings,wickets,4,0,0,0,0,MS Dhoni,20,Rajasthan Royals,Chennai Super Kings,Chennai Super Kings,field,Sawai Mansingh Stadium
3.3,F du Plessis,JD Unadkat,0,AT Rayudu,"{'extras': 0, 'total': 3, 'batsman': 3}",0,0.0,0.0,0.0,0,0,0,0,0,3,0,3,Chennai Super Kings,Jaipur,2019-04-11,male,T20,0,Chennai Super Kings,wickets,4,0,0,0,0,MS Dhoni,20,Rajasthan Royals,Chennai Super Kings,Chennai Super Kings,field,Sawai Mansingh Stadium
3.4,AT Rayudu,JD Unadkat,0,F du Plessis,"{'extras': 0, 'total': 0, 'batsman': 0}",0,0.0,0.0,0.0,0,0,0,0,0,0,0,0,Chennai Super Kings,Jaipur,2019-04-11,male,T20,0,Chennai Super Kings,wickets,4,0,0,0,0,MS Dhoni,20,Rajasthan Royals,Chennai Super Kings,Chennai Super Kings,field,Sawai Mansingh Stadium
3.5,AT Rayudu,JD Unadkat,0,F du Plessis,"{'extras': 0, 'total': 1, 'batsman': 1}",0,0.0,0.0,0.0,0,0,0,0,0,1,0,1,Chennai Super Kings,Jaipur,2019-04-11,male,T20,0,Chennai Super Kings,wickets,4,0,0,0,0,MS Dhoni,20,Rajasthan Royals,Chennai Super Kings,Chennai Super Kings,field,Sawai Mansingh Stadium
3.6,F du Plessis,JD Unadkat,0,AT Rayudu,"{'extras': 0, 'total': 0, 'batsman': 0}","{'player_out': 'F du Plessis', 'fielders': ['RA Tripathi'], 'kind': 'caught'}",0.0,0.0,0.0,0,0,caught,F du Plessis,['RA Tripathi'],0,0,0,Chennai Super Kings,Jaipur,2019-04-11,male,T20,0,Chennai Super Kings,wickets,4,0,0,0,0,MS Dhoni,20,Rajasthan Royals,Chennai Super Kings,Chennai Super Kings,field,Sawai Mansingh Stadium
4.1,KM Jadhav,DS Kulkarni,0,AT Rayudu,"{'extras': 0, 'total': 1, 'batsman': 1}",0,0.0,0.0,0.0,0,0,0,0,0,1,0,1,Chennai Super Kings,Jaipur,2019-04-11,male,T20,0,Chennai Super Kings,wickets,4,0,0,0,0,MS Dhoni,20,Rajasthan Royals,Chennai Super Kings,Chennai Super Kings,field,Sawai Mansingh Stadium
4.2,AT Rayudu,DS Kulkarni,0,KM Jadhav,"{'extras': 0, 'total': 0, 'batsman': 0}",0,0.0,0.0,0.0,0,0,0,0,0,0,0,0,Chennai Super Kings,Jaipur,2019-04-11,male,T20,0,Chennai Super Kings,wickets,4,0,0,0,0,MS Dhoni,20,Rajasthan Royals,Chennai Super Kings,Chennai Super Kings,field,Sawai Mansingh Stadium
4.3,AT Rayudu,DS Kulkarni,0,KM Jadhav,"{'extras': 0, 'total': 0, 'batsman': 0}",0,0.0,0.0,0.0,0,0,0,0,0,0,0,0,Chennai Super Kings,Jaipur,2019-04-11,male,T20,0,Chennai Super Kings,wickets,4,0,0,0,0,MS Dhoni,20,Rajasthan Royals,Chennai Super Kings,Chennai Super Kings,field,Sawai Mansingh Stadium
4.4,AT Rayudu,DS Kulkarni,0,KM Jadhav,"{'extras': 0, 'total': 0, 'batsman': 0}",0,0.0,0.0,0.0,0,0,0,0,0,0,0,0,Chennai Super Kings,Jaipur,2019-04-11,male,T20,0,Chennai Super Kings,wickets,4,0,0,0,0,MS Dhoni,20,Rajasthan Royals,Chennai Super Kings,Chennai Super Kings,field,Sawai Mansingh Stadium
4.5,AT Rayudu,DS Kulkarni,0,KM Jadhav,"{'extras': 0, 'total': 6, 'batsman': 6}",0,0.0,0.0,0.0,0,0,0,0,0,6,0,6,Chennai Super Kings,Jaipur,2019-04-11,male,T20,0,Chennai Super Kings,wickets,4,0,0,0,0,MS Dhoni,20,Rajasthan Royals,Chennai Super Kings,Chennai Super Kings,field,Sawai Mansingh Stadium
4.6,AT Rayudu,DS Kulkarni,0,KM Jadhav,"{'extras': 0, 'total': 2, 'batsman': 2}",0,0.0,0.0,0.0,0,0,0,0,0,2,0,2,Chennai Super Kings,Jaipur,2019-04-11,male,T20,0,Chennai Super Kings,wickets,4,0,0,0,0,MS Dhoni,20,Rajasthan Royals,Chennai Super Kings,Chennai Super Kings,field,Sawai Mansingh Stadium
5.1,KM Jadhav,JC Archer,0,AT Rayudu,"{'extras': 0, 'total': 0, 'batsman': 0}",0,0.0,0.0,0.0,0,0,0,0,0,0,0,0,Chennai Super Kings,Jaipur,2019-04-11,male,T20,0,Chennai Super Kings,wickets,4,0,0,0,0,MS Dhoni,20,Rajasthan Royals,Chennai Super Kings,Chennai Super Kings,field,Sawai Mansingh Stadium
5.2,KM Jadhav,JC Archer,0,AT Rayudu,"{'extras': 0, 'total': 0, 'batsman': 0}",0,0.0,0.0,0.0,0,0,0,0,0,0,0,0,Chennai Super Kings,Jaipur,2019-04-11,male,T20,0,Chennai Super Kings,wickets,4,0,0,0,0,MS Dhoni,20,Rajasthan Royals,Chennai Super Kings,Chennai Super Kings,field,Sawai Mansingh Stadium
5.3,KM Jadhav,JC Archer,0,AT Rayudu,"{'extras': 0, 'total': 0, 'batsman': 0}",0,0.0,0.0,0.0,0,0,0,0,0,0,0,0,Chennai Super Kings,Jaipur,2019-04-11,male,T20,0,Chennai Super Kings,wickets,4,0,0,0,0,MS Dhoni,20,Rajasthan Royals,Chennai Super Kings,Chennai Super Kings,field,Sawai Mansingh Stadium
5.4,KM Jadhav,JC Archer,0,AT Rayudu,"{'extras': 0, 'total': 0, 'batsman': 0}",0,0.0,0.0,0.0,0,0,0,0,0,0,0,0,Chennai Super Kings,Jaipur,2019-04-11,male,T20,0,Chennai Super Kings,wickets,4,0,0,0,0,MS Dhoni,20,Rajasthan Royals,Chennai Super Kings,Chennai Super Kings,field,Sawai Mansingh Stadium
5.5,KM Jadhav,JC Archer,0,AT Rayudu,"{'extras': 0, 'total': 0, 'batsman': 0}","{'player_out': 'KM Jadhav', 'fielders': ['BA Stokes'], 'kind': 'caught'}",0.0,0.0,0.0,0,0,caught,KM Jadhav,['BA Stokes'],0,0,0,Chennai Super Kings,Jaipur,2019-04-11,male,T20,0,Chennai Super Kings,wickets,4,0,0,0,0,MS Dhoni,20,Rajasthan Royals,Chennai Super Kings,Chennai Super Kings,field,Sawai Mansingh Stadium
5.6,MS Dhoni,JC Archer,0,AT Rayudu,"{'extras': 0, 'total': 0, 'batsman': 0}",0,0.0,0.0,0.0,0,0,0,0,0,0,0,0,Chennai Super Kings,Jaipur,2019-04-11,male,T20,0,Chennai Super Kings,wickets,4,0,0,0,0,MS Dhoni,20,Rajasthan Royals,Chennai Super Kings,Chennai Super Kings,field,Sawai Mansingh Stadium
6.1,AT Rayudu,R Parag,0,MS Dhoni,"{'extras': 0, 'total': 0, 'batsman': 0}",0,0.0,0.0,0.0,0,0,0,0,0,0,0,0,Chennai Super Kings,Jaipur,2019-04-11,male,T20,0,Chennai Super Kings,wickets,4,0,0,0,0,MS Dhoni,20,Rajasthan Royals,Chennai Super Kings,Chennai Super Kings,field,Sawai Mansingh Stadium
6.2,AT Rayudu,R Parag,0,MS Dhoni,"{'extras': 0, 'total': 1, 'batsman': 1}",0,0.0,0.0,0.0,0,0,0,0,0,1,0,1,Chennai Super Kings,Jaipur,2019-04-11,male,T20,0,Chennai Super Kings,wickets,4,0,0,0,0,MS Dhoni,20,Rajasthan Royals,Chennai Super Kings,Chennai Super Kings,field,Sawai Mansingh Stadium
6.3,MS Dhoni,R Parag,0,AT Rayudu,"{'extras': 0, 'total': 0, 'batsman': 0}",0,0.0,0.0,0.0,0,0,0,0,0,0,0,0,Chennai Super Kings,Jaipur,2019-04-11,male,T20,0,Chennai Super Kings,wickets,4,0,0,0,0,MS Dhoni,20,Rajasthan Royals,Chennai Super Kings,Chennai Super Kings,field,Sawai Mansingh Stadium
6.4,MS Dhoni,R Parag,0,AT Rayudu,"{'extras': 0, 'total': 0, 'batsman': 0}",0,0.0,0.0,0.0,0,0,0,0,0,0,0,0,Chennai Super Kings,Jaipur,2019-04-11,male,T20,0,Chennai Super Kings,wickets,4,0,0,0,0,MS Dhoni,20,Rajasthan Royals,Chennai Super Kings,Chennai Super Kings,field,Sawai Mansingh Stadium
6.5,MS Dhoni,R Parag,0,AT Rayudu,"{'extras': 0, 'total': 0, 'batsman': 0}",0,0.0,0.0,0.0,0,0,0,0,0,0,0,0,Chennai Super Kings,Jaipur,2019-04-11,male,T20,0,Chennai Super Kings,wickets,4,0,0,0,0,MS Dhoni,20,Rajasthan Royals,Chennai Super Kings,Chennai Super Kings,field,Sawai Mansingh Stadium
6.6,MS Dhoni,R Parag,0,AT Rayudu,"{'extras': 0, 'total': 2, 'batsman': 2}",0,0.0,0.0,0.0,0,0,0,0,0,2,0,2,Chennai Super Kings,Jaipur,2019-04-11,male,T20,0,Chennai Super Kings,wickets,4,0,0,0,0,MS Dhoni,20,Rajasthan Royals,Chennai Super Kings,Chennai Super Kings,field,Sawai Mansingh Stadium
7.1,AT Rayudu,S Gopal,0,MS Dhoni,"{'extras': 0, 'total': 1, 'batsman': 1}",0,0.0,0.0,0.0,0,0,0,0,0,1,0,1,Chennai Super Kings,Jaipur,2019-04-11,male,T20,0,Chennai Super Kings,wickets,4,0,0,0,0,MS Dhoni,20,Rajasthan Royals,Chennai Super Kings,Chennai Super Kings,field,Sawai Mansingh Stadium
7.2,MS Dhoni,S Gopal,0,AT Rayudu,"{'extras': 0, 'total': 1, 'batsman': 1}",0,0.0,0.0,0.0,0,0,0,0,0,1,0,1,Chennai Super Kings,Jaipur,2019-04-11,male,T20,0,Chennai Super Kings,wickets,4,0,0,0,0,MS Dhoni,20,Rajasthan Royals,Chennai Super Kings,Chennai Super Kings,field,Sawai Mansingh Stadium
7.3,AT Rayudu,S Gopal,0,MS Dhoni,"{'extras': 0, 'total': 0, 'batsman': 0}",0,0.0,0.0,0.0,0,0,0,0,0,0,0,0,Chennai Super Kings,Jaipur,2019-04-11,male,T20,0,Chennai Super Kings,wickets,4,0,0,0,0,MS Dhoni,20,Rajasthan Royals,Chennai Super Kings,Chennai Super Kings,field,Sawai Mansingh Stadium
7.4,AT Rayudu,S Gopal,0,MS Dhoni,"{'extras': 0, 'total': 1, 'batsman': 1}",0,0.0,0.0,0.0,0,0,0,0,0,1,0,1,Chennai Super Kings,Jaipur,2019-04-11,male,T20,0,Chennai Super Kings,wickets,4,0,0,0,0,MS Dhoni,20,Rajasthan Royals,Chennai Super Kings,Chennai Super Kings,field,Sawai Mansingh Stadium
7.5,MS Dhoni,S Gopal,0,AT Rayudu,"{'extras': 0, 'total': 1, 'batsman': 1}",0,0.0,0.0,0.0,0,0,0,0,0,1,0,1,Chennai Super Kings,Jaipur,2019-04-11,male,T20,0,Chennai Super Kings,wickets,4,0,0,0,0,MS Dhoni,20,Rajasthan Royals,Chennai Super Kings,Chennai Super Kings,field,Sawai Mansingh Stadium
7.6,AT Rayudu,S Gopal,0,MS Dhoni,"{'extras': 0, 'total': 1, 'batsman': 1}",0,0.0,0.0,0.0,0,0,0,0,0,1,0,1,Chennai Super Kings,Jaipur,2019-04-11,male,T20,0,Chennai Super Kings,wickets,4,0,0,0,0,MS Dhoni,20,Rajasthan Royals,Chennai Super Kings,Chennai Super Kings,field,Sawai Mansingh Stadium
8.1,AT Rayudu,R Parag,0,MS Dhoni,"{'extras': 0, 'total': 1, 'batsman': 1}",0,0.0,0.0,0.0,0,0,0,0,0,1,0,1,Chennai Super Kings,Jaipur,2019-04-11,male,T20,0,Chennai Super Kings,wickets,4,0,0,0,0,MS Dhoni,20,Rajasthan Royals,Chennai Super Kings,Chennai Super Kings,field,Sawai Mansingh Stadium
8.2,MS Dhoni,R Parag,0,AT Rayudu,"{'extras': 0, 'total': 1, 'batsman': 1}",0,0.0,0.0,0.0,0,0,0,0,0,1,0,1,Chennai Super Kings,Jaipur,2019-04-11,male,T20,0,Chennai Super Kings,wickets,4,0,0,0,0,MS Dhoni,20,Rajasthan Royals,Chennai Super Kings,Chennai Super Kings,field,Sawai Mansingh Stadium
8.3,AT Rayudu,R Parag,0,MS Dhoni,"{'extras': 0, 'total': 2, 'batsman': 2}",0,0.0,0.0,0.0,0,0,0,0,0,2,0,2,Chennai Super Kings,Jaipur,2019-04-11,male,T20,0,Chennai Super Kings,wickets,4,0,0,0,0,MS Dhoni,20,Rajasthan Royals,Chennai Super Kings,Chennai Super Kings,field,Sawai Mansingh Stadium
8.4,AT Rayudu,R Parag,0,MS Dhoni,"{'extras': 0, 'total': 2, 'batsman': 2}",0,0.0,0.0,0.0,0,0,0,0,0,2,0,2,Chennai Super Kings,Jaipur,2019-04-11,male,T20,0,Chennai Super Kings,wickets,4,0,0,0,0,MS Dhoni,20,Rajasthan Royals,Chennai Super Kings,Chennai Super Kings,field,Sawai Mansingh Stadium
8.5,AT Rayudu,R Parag,0,MS Dhoni,"{'extras': 0, 'total': 1, 'batsman': 1}",0,0.0,0.0,0.0,0,0,0,0,0,1,0,1,Chennai Super Kings,Jaipur,2019-04-11,male,T20,0,Chennai Super Kings,wickets,4,0,0,0,0,MS Dhoni,20,Rajasthan Royals,Chennai Super Kings,Chennai Super Kings,field,Sawai Mansingh Stadium
8.6,MS Dhoni,R Parag,0,AT Rayudu,"{'extras': 0, 'total': 0, 'batsman': 0}",0,0.0,0.0,0.0,0,0,0,0,0,0,0,0,Chennai Super Kings,Jaipur,2019-04-11,male,T20,0,Chennai Super Kings,wickets,4,0,0,0,0,MS Dhoni,20,Rajasthan Royals,Chennai Super Kings,Chennai Super Kings,field,Sawai Mansingh Stadium
9.1,AT Rayudu,S Gopal,0,MS Dhoni,"{'extras': 0, 'total': 1, 'batsman': 1}",0,0.0,0.0,0.0,0,0,0,0,0,1,0,1,Chennai Super Kings,Jaipur,2019-04-11,male,T20,0,Chennai Super Kings,wickets,4,0,0,0,0,MS Dhoni,20,Rajasthan Royals,Chennai Super Kings,Chennai Super Kings,field,Sawai Mansingh Stadium
9.2,MS Dhoni,S Gopal,0,AT Rayudu,"{'extras': 0, 'total': 6, 'batsman': 6}",0,0.0,0.0,0.0,0,0,0,0,0,6,0,6,Chennai Super Kings,Jaipur,2019-04-11,male,T20,0,Chennai Super Kings,wickets,4,0,0,0,0,MS Dhoni,20,Rajasthan Royals,Chennai Super Kings,Chennai Super Kings,field,Sawai Mansingh Stadium
9.3,MS Dhoni,S Gopal,0,AT Rayudu,"{'extras': 0, 'total': 1, 'batsman': 1}",0,0.0,0.0,0.0,0,0,0,0,0,1,0,1,Chennai Super Kings,Jaipur,2019-04-11,male,T20,0,Chennai Super Kings,wickets,4,0,0,0,0,MS Dhoni,20,Rajasthan Royals,Chennai Super Kings,Chennai Super Kings,field,Sawai Mansingh Stadium
9.4,AT Rayudu,S Gopal,0,MS Dhoni,"{'extras': 0, 'total': 1, 'batsman': 1}",0,0.0,0.0,0.0,0,0,0,0,0,1,0,1,Chennai Super Kings,Jaipur,2019-04-11,male,T20,0,Chennai Super Kings,wickets,4,0,0,0,0,MS Dhoni,20,Rajasthan Royals,Chennai Super Kings,Chennai Super Kings,field,Sawai Mansingh Stadium
9.5,MS Dhoni,S Gopal,0,AT Rayudu,"{'extras': 0, 'total': 1, 'batsman': 1}",0,0.0,0.0,0.0,0,0,0,0,0,1,0,1,Chennai Super Kings,Jaipur,2019-04-11,male,T20,0,Chennai Super Kings,wickets,4,0,0,0,0,MS Dhoni,20,Rajasthan Royals,Chennai Super Kings,Chennai Super Kings,field,Sawai Mansingh Stadium
9.6,AT Rayudu,S Gopal,0,MS Dhoni,"{'extras': 0, 'total': 1, 'batsman': 1}",0,0.0,0.0,0.0,0,0,0,0,0,1,0,1,Chennai Super Kings,Jaipur,2019-04-11,male,T20,0,Chennai Super Kings,wickets,4,0,0,0,0,MS Dhoni,20,Rajasthan Royals,Chennai Super Kings,Chennai Super Kings,field,Sawai Mansingh Stadium
10.1,AT Rayudu,R Parag,0,MS Dhoni,"{'extras': 0, 'total': 2, 'batsman': 2}",0,0.0,0.0,0.0,0,0,0,0,0,2,0,2,Chennai Super Kings,Jaipur,2019-04-11,male,T20,0,Chennai Super Kings,wickets,4,0,0,0,0,MS Dhoni,20,Rajasthan Royals,Chennai Super Kings,Chennai Super Kings,field,Sawai Mansingh Stadium
10.2,AT Rayudu,R Parag,0,MS Dhoni,"{'extras': 0, 'total': 0, 'batsman': 0}",0,0.0,0.0,0.0,0,0,0,0,0,0,0,0,Chennai Super Kings,Jaipur,2019-04-11,male,T20,0,Chennai Super Kings,wickets,4,0,0,0,0,MS Dhoni,20,Rajasthan Royals,Chennai Super Kings,Chennai Super Kings,field,Sawai Mansingh Stadium
10.3,AT Rayudu,R Parag,0,MS Dhoni,"{'extras': 0, 'total': 1, 'batsman': 1}",0,0.0,0.0,0.0,0,0,0,0,0,1,0,1,Chennai Super Kings,Jaipur,2019-04-11,male,T20,0,Chennai Super Kings,wickets,4,0,0,0,0,MS Dhoni,20,Rajasthan Royals,Chennai Super Kings,Chennai Super Kings,field,Sawai Mansingh Stadium
10.4,MS Dhoni,R Parag,0,AT Rayudu,"{'extras': 0, 'total': 6, 'batsman': 6}",0,0.0,0.0,0.0,0,0,0,0,0,6,0,6,Chennai Super Kings,Jaipur,2019-04-11,male,T20,0,Chennai Super Kings,wickets,4,0,0,0,0,MS Dhoni,20,Rajasthan Royals,Chennai Super Kings,Chennai Super Kings,field,Sawai Mansingh Stadium
10.5,MS Dhoni,R Parag,0,AT Rayudu,"{'extras': 0, 'total': 1, 'batsman': 1}",0,0.0,0.0,0.0,0,0,0,0,0,1,0,1,Chennai Super Kings,Jaipur,2019-04-11,male,T20,0,Chennai Super Kings,wickets,4,0,0,0,0,MS Dhoni,20,Rajasthan Royals,Chennai Super Kings,Chennai Super Kings,field,Sawai Mansingh Stadium
10.6,AT Rayudu,R Parag,0,MS Dhoni,"{'extras': 0, 'total': 4, 'batsman': 4}",0,0.0,0.0,0.0,0,0,0,0,0,4,0,4,Chennai Super Kings,Jaipur,2019-04-11,male,T20,0,Chennai Super Kings,wickets,4,0,0,0,0,MS Dhoni,20,Rajasthan Royals,Chennai Super Kings,Chennai Super Kings,field,Sawai Mansingh Stadium
11.1,MS Dhoni,JC Archer,0,AT Rayudu,"{'extras': 0, 'total': 0, 'batsman': 0}",0,0.0,0.0,0.0,0,0,0,0,0,0,0,0,Chennai Super Kings,Jaipur,2019-04-11,male,T20,0,Chennai Super Kings,wickets,4,0,0,0,0,MS Dhoni,20,Rajasthan Royals,Chennai Super Kings,Chennai Super Kings,field,Sawai Mansingh Stadium
11.2,MS Dhoni,JC Archer,0,AT Rayudu,"{'extras': 0, 'total': 1, 'batsman': 1}",0,0.0,0.0,0.0,0,0,0,0,0,1,0,1,Chennai Super Kings,Jaipur,2019-04-11,male,T20,0,Chennai Super Kings,wickets,4,0,0,0,0,MS Dhoni,20,Rajasthan Royals,Chennai Super Kings,Chennai Super Kings,field,Sawai Mansingh Stadium
11.3,AT Rayudu,JC Archer,0,MS Dhoni,"{'extras': 0, 'total': 0, 'batsman': 0}",0,0.0,0.0,0.0,0,0,0,0,0,0,0,0,Chennai Super Kings,Jaipur,2019-04-11,male,T20,0,Chennai Super Kings,wickets,4,0,0,0,0,MS Dhoni,20,Rajasthan Royals,Chennai Super Kings,Chennai Super Kings,field,Sawai Mansingh Stadium
11.4,AT Rayudu,JC Archer,0,MS Dhoni,"{'extras': 0, 'total': 1, 'batsman': 1}",0,0.0,0.0,0.0,0,0,0,0,0,1,0,1,Chennai Super Kings,Jaipur,2019-04-11,male,T20,0,Chennai Super Kings,wickets,4,0,0,0,0,MS Dhoni,20,Rajasthan Royals,Chennai Super Kings,Chennai Super Kings,field,Sawai Mansingh Stadium
11.5,MS Dhoni,JC Archer,0,AT Rayudu,"{'extras': 0, 'total': 1, 'batsman': 1}",0,0.0,0.0,0.0,0,0,0,0,0,1,0,1,Chennai Super Kings,Jaipur,2019-04-11,male,T20,0,Chennai Super Kings,wickets,4,0,0,0,0,MS Dhoni,20,Rajasthan Royals,Chennai Super Kings,Chennai Super Kings,field,Sawai Mansingh Stadium
11.6,AT Rayudu,JC Archer,0,MS Dhoni,"{'extras': 0, 'total': 1, 'batsman': 1}",0,0.0,0.0,0.0,0,0,0,0,0,1,0,1,Chennai Super Kings,Jaipur,2019-04-11,male,T20,0,Chennai Super Kings,wickets,4,0,0,0,0,MS Dhoni,20,Rajasthan Royals,Chennai Super Kings,Chennai Super Kings,field,Sawai Mansingh Stadium
12.1,AT Rayudu,S Gopal,0,MS Dhoni,"{'extras': 0, 'total': 1, 'batsman': 1}",0,0.0,0.0,0.0,0,0,0,0,0,1,0,1,Chennai Super Kings,Jaipur,2019-04-11,male,T20,0,Chennai Super Kings,wickets,4,0,0,0,0,MS Dhoni,20,Rajasthan Royals,Chennai Super Kings,Chennai Super Kings,field,Sawai Mansingh Stadium
12.2,MS Dhoni,S Gopal,0,AT Rayudu,"{'extras': 0, 'total': 1, 'batsman': 1}",0,0.0,0.0,0.0,0,0,0,0,0,1,0,1,Chennai Super Kings,Jaipur,2019-04-11,male,T20,0,Chennai Super Kings,wickets,4,0,0,0,0,MS Dhoni,20,Rajasthan Royals,Chennai Super Kings,Chennai Super Kings,field,Sawai Mansingh Stadium
12.3,AT Rayudu,S Gopal,0,MS Dhoni,"{'extras': 0, 'total': 1, 'batsman': 1}",0,0.0,0.0,0.0,0,0,0,0,0,1,0,1,Chennai Super Kings,Jaipur,2019-04-11,male,T20,0,Chennai Super Kings,wickets,4,0,0,0,0,MS Dhoni,20,Rajasthan Royals,Chennai Super Kings,Chennai Super Kings,field,Sawai Mansingh Stadium
12.4,MS Dhoni,S Gopal,0,AT Rayudu,"{'extras': 0, 'total': 0, 'batsman': 0}",0,0.0,0.0,0.0,0,0,0,0,0,0,0,0,Chennai Super Kings,Jaipur,2019-04-11,male,T20,0,Chennai Super Kings,wickets,4,0,0,0,0,MS Dhoni,20,Rajasthan Royals,Chennai Super Kings,Chennai Super Kings,field,Sawai Mansingh Stadium
12.5,MS Dhoni,S Gopal,0,AT Rayudu,"{'extras': 0, 'total': 6, 'batsman': 6}",0,0.0,0.0,0.0,0,0,0,0,0,6,0,6,Chennai Super Kings,Jaipur,2019-04-11,male,T20,0,Chennai Super Kings,wickets,4,0,0,0,0,MS Dhoni,20,Rajasthan Royals,Chennai Super Kings,Chennai Super Kings,field,Sawai Mansingh Stadium
12.6,MS Dhoni,S Gopal,0,AT Rayudu,"{'extras': 0, 'total': 1, 'batsman': 1}",0,0.0,0.0,0.0,0,0,0,0,0,1,0,1,Chennai Super Kings,Jaipur,2019-04-11,male,T20,0,Chennai Super Kings,wickets,4,0,0,0,0,MS Dhoni,20,Rajasthan Royals,Chennai Super Kings,Chennai Super Kings,field,Sawai Mansingh Stadium
13.1,MS Dhoni,BA Stokes,0,AT Rayudu,"{'extras': 0, 'total': 1, 'batsman': 1}",0,0.0,0.0,0.0,0,0,0,0,0,1,0,1,Chennai Super Kings,Jaipur,2019-04-11,male,T20,0,Chennai Super Kings,wickets,4,0,0,0,0,MS Dhoni,20,Rajasthan Royals,Chennai Super Kings,Chennai Super Kings,field,Sawai Mansingh Stadium
13.2,AT Rayudu,BA Stokes,0,MS Dhoni,"{'extras': 0, 'total': 6, 'batsman': 6}",0,0.0,0.0,0.0,0,0,0,0,0,6,0,6,Chennai Super Kings,Jaipur,2019-04-11,male,T20,0,Chennai Super Kings,wickets,4,0,0,0,0,MS Dhoni,20,Rajasthan Royals,Chennai Super Kings,Chennai Super Kings,field,Sawai Mansingh Stadium
13.3,AT Rayudu,BA Stokes,{'legbyes': 1},MS Dhoni,"{'extras': 1, 'total': 1, 'batsman': 0}",0,0.0,0.0,1.0,0,0,0,0,0,0,1,1,Chennai Super Kings,Jaipur,2019-04-11,male,T20,0,Chennai Super Kings,wickets,4,0,0,0,0,MS Dhoni,20,Rajasthan Royals,Chennai Super Kings,Chennai Super Kings,field,Sawai Mansingh Stadium
13.4,MS Dhoni,BA Stokes,0,AT Rayudu,"{'extras': 0, 'total': 1, 'batsman': 1}",0,0.0,0.0,0.0,0,0,0,0,0,1,0,1,Chennai Super Kings,Jaipur,2019-04-11,male,T20,0,Chennai Super Kings,wickets,4,0,0,0,0,MS Dhoni,20,Rajasthan Royals,Chennai Super Kings,Chennai Super Kings,field,Sawai Mansingh Stadium
13.5,AT Rayudu,BA Stokes,0,MS Dhoni,"{'extras': 0, 'total': 0, 'batsman': 0}",0,0.0,0.0,0.0,0,0,0,0,0,0,0,0,Chennai Super Kings,Jaipur,2019-04-11,male,T20,0,Chennai Super Kings,wickets,4,0,0,0,0,MS Dhoni,20,Rajasthan Royals,Chennai Super Kings,Chennai Super Kings,field,Sawai Mansingh Stadium
13.6,AT Rayudu,BA Stokes,{'wides': 1},MS Dhoni,"{'extras': 1, 'total': 1, 'batsman': 0}",0,1.0,0.0,0.0,0,0,0,0,0,0,1,1,Chennai Super Kings,Jaipur,2019-04-11,male,T20,0,Chennai Super Kings,wickets,4,0,0,0,0,MS Dhoni,20,Rajasthan Royals,Chennai Super Kings,Chennai Super Kings,field,Sawai Mansingh Stadium
13.7,AT Rayudu,BA Stokes,0,MS Dhoni,"{'extras': 0, 'total': 0, 'batsman': 0}",0,0.0,0.0,0.0,0,0,0,0,0,0,0,0,Chennai Super Kings,Jaipur,2019-04-11,male,T20,0,Chennai Super Kings,wickets,4,0,0,0,0,MS Dhoni,20,Rajasthan Royals,Chennai Super Kings,Chennai Super Kings,field,Sawai Mansingh Stadium
14.1,MS Dhoni,JD Unadkat,0,AT Rayudu,"{'extras': 0, 'total': 1, 'batsman': 1}",0,0.0,0.0,0.0,0,0,0,0,0,1,0,1,Chennai Super Kings,Jaipur,2019-04-11,male,T20,0,Chennai Super Kings,wickets,4,0,0,0,0,MS Dhoni,20,Rajasthan Royals,Chennai Super Kings,Chennai Super Kings,field,Sawai Mansingh Stadium
14.2,AT Rayudu,JD Unadkat,0,MS Dhoni,"{'extras': 0, 'total': 1, 'batsman': 1}",0,0.0,0.0,0.0,0,0,0,0,0,1,0,1,Chennai Super Kings,Jaipur,2019-04-11,male,T20,0,Chennai Super Kings,wickets,4,0,0,0,0,MS Dhoni,20,Rajasthan Royals,Chennai Super Kings,Chennai Super Kings,field,Sawai Mansingh Stadium
14.3,MS Dhoni,JD Unadkat,0,AT Rayudu,"{'extras': 0, 'total': 1, 'batsman': 1}",0,0.0,0.0,0.0,0,0,0,0,0,1,0,1,Chennai Super Kings,Jaipur,2019-04-11,male,T20,0,Chennai Super Kings,wickets,4,0,0,0,0,MS Dhoni,20,Rajasthan Royals,Chennai Super Kings,Chennai Super Kings,field,Sawai Mansingh Stadium
14.4,AT Rayudu,JD Unadkat,0,MS Dhoni,"{'extras': 0, 'total': 6, 'batsman': 6}",0,0.0,0.0,0.0,0,0,0,0,0,6,0,6,Chennai Super Kings,Jaipur,2019-04-11,male,T20,0,Chennai Super Kings,wickets,4,0,0,0,0,MS Dhoni,20,Rajasthan Royals,Chennai Super Kings,Chennai Super Kings,field,Sawai Mansingh Stadium
14.5,AT Rayudu,JD Unadkat,0,MS Dhoni,"{'extras': 0, 'total': 0, 'batsman': 0}",0,0.0,0.0,0.0,0,0,0,0,0,0,0,0,Chennai Super Kings,Jaipur,2019-04-11,male,T20,0,Chennai Super Kings,wickets,4,0,0,0,0,MS Dhoni,20,Rajasthan Royals,Chennai Super Kings,Chennai Super Kings,field,Sawai Mansingh Stadium
14.6,AT Rayudu,JD Unadkat,0,MS Dhoni,"{'extras': 0, 'total': 4, 'batsman': 4}",0,0.0,0.0,0.0,0,0,0,0,0,4,0,4,Chennai Super Kings,Jaipur,2019-04-11,male,T20,0,Chennai Super Kings,wickets,4,0,0,0,0,MS Dhoni,20,Rajasthan Royals,Chennai Super Kings,Chennai Super Kings,field,Sawai Mansingh Stadium
15.1,MS Dhoni,S Gopal,0,AT Rayudu,"{'extras': 0, 'total': 0, 'batsman': 0}",0,0.0,0.0,0.0,0,0,0,0,0,0,0,0,Chennai Super Kings,Jaipur,2019-04-11,male,T20,0,Chennai Super Kings,wickets,4,0,0,0,0,MS Dhoni,20,Rajasthan Royals,Chennai Super Kings,Chennai Super Kings,field,Sawai Mansingh Stadium
15.2,MS Dhoni,S Gopal,0,AT Rayudu,"{'extras': 0, 'total': 1, 'batsman': 1}",0,0.0,0.0,0.0,0,0,0,0,0,1,0,1,Chennai Super Kings,Jaipur,2019-04-11,male,T20,0,Chennai Super Kings,wickets,4,0,0,0,0,MS Dhoni,20,Rajasthan Royals,Chennai Super Kings,Chennai Super Kings,field,Sawai Mansingh Stadium
15.3,AT Rayudu,S Gopal,0,MS Dhoni,"{'extras': 0, 'total': 1, 'batsman': 1}",0,0.0,0.0,0.0,0,0,0,0,0,1,0,1,Chennai Super Kings,Jaipur,2019-04-11,male,T20,0,Chennai Super Kings,wickets,4,0,0,0,0,MS Dhoni,20,Rajasthan Royals,Chennai Super Kings,Chennai Super Kings,field,Sawai Mansingh Stadium
15.4,MS Dhoni,S Gopal,0,AT Rayudu,"{'extras': 0, 'total': 1, 'batsman': 1}",0,0.0,0.0,0.0,0,0,0,0,0,1,0,1,Chennai Super Kings,Jaipur,2019-04-11,male,T20,0,Chennai Super Kings,wickets,4,0,0,0,0,MS Dhoni,20,Rajasthan Royals,Chennai Super Kings,Chennai Super Kings,field,Sawai Mansingh Stadium
15.5,AT Rayudu,S Gopal,0,MS Dhoni,"{'extras': 0, 'total': 1, 'batsman': 1}",0,0.0,0.0,0.0,0,0,0,0,0,1,0,1,Chennai Super Kings,Jaipur,2019-04-11,male,T20,0,Chennai Super Kings,wickets,4,0,0,0,0,MS Dhoni,20,Rajasthan Royals,Chennai Super Kings,Chennai Super Kings,field,Sawai Mansingh Stadium
15.6,MS Dhoni,S Gopal,0,AT Rayudu,"{'extras': 0, 'total': 1, 'batsman': 1}",0,0.0,0.0,0.0,0,0,0,0,0,1,0,1,Chennai Super Kings,Jaipur,2019-04-11,male,T20,0,Chennai Super Kings,wickets,4,0,0,0,0,MS Dhoni,20,Rajasthan Royals,Chennai Super Kings,Chennai Super Kings,field,Sawai Mansingh Stadium
16.1,MS Dhoni,JC Archer,0,AT Rayudu,"{'extras': 0, 'total': 1, 'batsman': 1}",0,0.0,0.0,0.0,0,0,0,0,0,1,0,1,Chennai Super Kings,Jaipur,2019-04-11,male,T20,0,Chennai Super Kings,wickets,4,0,0,0,0,MS Dhoni,20,Rajasthan Royals,Chennai Super Kings,Chennai Super Kings,field,Sawai Mansingh Stadium
16.2,AT Rayudu,JC Archer,{'legbyes': 2},MS Dhoni,"{'extras': 2, 'total': 2, 'batsman': 0}",0,0.0,0.0,2.0,0,0,0,0,0,0,2,2,Chennai Super Kings,Jaipur,2019-04-11,male,T20,0,Chennai Super Kings,wickets,4,0,0,0,0,MS Dhoni,20,Rajasthan Royals,Chennai Super Kings,Chennai Super Kings,field,Sawai Mansingh Stadium
16.3,AT Rayudu,JC Archer,0,MS Dhoni,"{'extras': 0, 'total': 1, 'batsman': 1}",0,0.0,0.0,0.0,0,0,0,0,0,1,0,1,Chennai Super Kings,Jaipur,2019-04-11,male,T20,0,Chennai Super Kings,wickets,4,0,0,0,0,MS Dhoni,20,Rajasthan Royals,Chennai Super Kings,Chennai Super Kings,field,Sawai Mansingh Stadium
16.4,MS Dhoni,JC Archer,{'legbyes': 1},AT Rayudu,"{'extras': 1, 'total': 1, 'batsman': 0}",0,0.0,0.0,1.0,0,0,0,0,0,0,1,1,Chennai Super Kings,Jaipur,2019-04-11,male,T20,0,Chennai Super Kings,wickets,4,0,0,0,0,MS Dhoni,20,Rajasthan Royals,Chennai Super Kings,Chennai Super Kings,field,Sawai Mansingh Stadium
16.5,AT Rayudu,JC Archer,0,MS Dhoni,"{'extras': 0, 'total': 1, 'batsman': 1}",0,0.0,0.0,0.0,0,0,0,0,0,1,0,1,Chennai Super Kings,Jaipur,2019-04-11,male,T20,0,Chennai Super Kings,wickets,4,0,0,0,0,MS Dhoni,20,Rajasthan Royals,Chennai Super Kings,Chennai Super Kings,field,Sawai Mansingh Stadium
16.6,MS Dhoni,JC Archer,0,AT Rayudu,"{'extras': 0, 'total': 1, 'batsman': 1}",0,0.0,0.0,0.0,0,0,0,0,0,1,0,1,Chennai Super Kings,Jaipur,2019-04-11,male,T20,0,Chennai Super Kings,wickets,4,0,0,0,0,MS Dhoni,20,Rajasthan Royals,Chennai Super Kings,Chennai Super Kings,field,Sawai Mansingh Stadium
17.1,MS Dhoni,BA Stokes,0,AT Rayudu,"{'extras': 0, 'total': 0, 'batsman': 0}",0,0.0,0.0,0.0,0,0,0,0,0,0,0,0,Chennai Super Kings,Jaipur,2019-04-11,male,T20,0,Chennai Super Kings,wickets,4,0,0,0,0,MS Dhoni,20,Rajasthan Royals,Chennai Super Kings,Chennai Super Kings,field,Sawai Mansingh Stadium
17.2,MS Dhoni,BA Stokes,0,AT Rayudu,"{'extras': 0, 'total': 4, 'batsman': 4}",0,0.0,0.0,0.0,0,0,0,0,0,4,0,4,Chennai Super Kings,Jaipur,2019-04-11,male,T20,0,Chennai Super Kings,wickets,4,0,0,0,0,MS Dhoni,20,Rajasthan Royals,Chennai Super Kings,Chennai Super Kings,field,Sawai Mansingh Stadium
17.3,MS Dhoni,BA Stokes,{'wides': 1},AT Rayudu,"{'extras': 1, 'total': 1, 'batsman': 0}",0,1.0,0.0,0.0,0,0,0,0,0,0,1,1,Chennai Super Kings,Jaipur,2019-04-11,male,T20,0,Chennai Super Kings,wickets,4,0,0,0,0,MS Dhoni,20,Rajasthan Royals,Chennai Super Kings,Chennai Super Kings,field,Sawai Mansingh Stadium
17.4,MS Dhoni,BA Stokes,0,AT Rayudu,"{'extras': 0, 'total': 1, 'batsman': 1}",0,0.0,0.0,0.0,0,0,0,0,0,1,0,1,Chennai Super Kings,Jaipur,2019-04-11,male,T20,0,Chennai Super Kings,wickets,4,0,0,0,0,MS Dhoni,20,Rajasthan Royals,Chennai Super Kings,Chennai Super Kings,field,Sawai Mansingh Stadium
17.5,AT Rayudu,BA Stokes,0,MS Dhoni,"{'extras': 0, 'total': 0, 'batsman': 0}","{'player_out': 'AT Rayudu', 'fielders': ['S Gopal'], 'kind': 'caught'}",0.0,0.0,0.0,0,0,caught,AT Rayudu,['S Gopal'],0,0,0,Chennai Super Kings,Jaipur,2019-04-11,male,T20,0,Chennai Super Kings,wickets,4,0,0,0,0,MS Dhoni,20,Rajasthan Royals,Chennai Super Kings,Chennai Super Kings,field,Sawai Mansingh Stadium
17.6,MS Dhoni,BA Stokes,0,RA Jadeja,"{'extras': 0, 'total': 1, 'batsman': 1}",0,0.0,0.0,0.0,0,0,0,0,0,1,0,1,Chennai Super Kings,Jaipur,2019-04-11,male,T20,0,Chennai Super Kings,wickets,4,0,0,0,0,MS Dhoni,20,Rajasthan Royals,Chennai Super Kings,Chennai Super Kings,field,Sawai Mansingh Stadium
17.7,RA Jadeja,BA Stokes,0,MS Dhoni,"{'extras': 0, 'total': 2, 'batsman': 2}",0,0.0,0.0,0.0,0,0,0,0,0,2,0,2,Chennai Super Kings,Jaipur,2019-04-11,male,T20,0,Chennai Super Kings,wickets,4,0,0,0,0,MS Dhoni,20,Rajasthan Royals,Chennai Super Kings,Chennai Super Kings,field,Sawai Mansingh Stadium
18.1,MS Dhoni,JC Archer,0,RA Jadeja,"{'extras': 0, 'total': 1, 'batsman': 1}",0,0.0,0.0,0.0,0,0,0,0,0,1,0,1,Chennai Super Kings,Jaipur,2019-04-11,male,T20,0,Chennai Super Kings,wickets,4,0,0,0,0,MS Dhoni,20,Rajasthan Royals,Chennai Super Kings,Chennai Super Kings,field,Sawai Mansingh Stadium
18.2,RA Jadeja,JC Archer,{'legbyes': 1},MS Dhoni,"{'extras': 1, 'total': 1, 'batsman': 0}",0,0.0,0.0,1.0,0,0,0,0,0,0,1,1,Chennai Super Kings,Jaipur,2019-04-11,male,T20,0,Chennai Super Kings,wickets,4,0,0,0,0,MS Dhoni,20,Rajasthan Royals,Chennai Super Kings,Chennai Super Kings,field,Sawai Mansingh Stadium
18.3,MS Dhoni,JC Archer,0,RA Jadeja,"{'extras': 0, 'total': 2, 'batsman': 2}",0,0.0,0.0,0.0,0,0,0,0,0,2,0,2,Chennai Super Kings,Jaipur,2019-04-11,male,T20,0,Chennai Super Kings,wickets,4,0,0,0,0,MS Dhoni,20,Rajasthan Royals,Chennai Super Kings,Chennai Super Kings,field,Sawai Mansingh Stadium
18.4,MS Dhoni,JC Archer,0,RA Jadeja,"{'extras': 0, 'total': 2, 'batsman': 2}",0,0.0,0.0,0.0,0,0,0,0,0,2,0,2,Chennai Super Kings,Jaipur,2019-04-11,male,T20,0,Chennai Super Kings,wickets,4,0,0,0,0,MS Dhoni,20,Rajasthan Royals,Chennai Super Kings,Chennai Super Kings,field,Sawai Mansingh Stadium
18.5,MS Dhoni,JC Archer,0,RA Jadeja,"{'extras': 0, 'total': 2, 'batsman': 2}",0,0.0,0.0,0.0,0,0,0,0,0,2,0,2,Chennai Super Kings,Jaipur,2019-04-11,male,T20,0,Chennai Super Kings,wickets,4,0,0,0,0,MS Dhoni,20,Rajasthan Royals,Chennai Super Kings,Chennai Super Kings,field,Sawai Mansingh Stadium
18.6,MS Dhoni,JC Archer,0,RA Jadeja,"{'extras': 0, 'total': 4, 'batsman': 4}",0,0.0,0.0,0.0,0,0,0,0,0,4,0,4,Chennai Super Kings,Jaipur,2019-04-11,male,T20,0,Chennai Super Kings,wickets,4,0,0,0,0,MS Dhoni,20,Rajasthan Royals,Chennai Super Kings,Chennai Super Kings,field,Sawai Mansingh Stadium
19.1,RA Jadeja,BA Stokes,0,MS Dhoni,"{'extras': 0, 'total': 6, 'batsman': 6}",0,0.0,0.0,0.0,0,0,0,0,0,6,0,6,Chennai Super Kings,Jaipur,2019-04-11,male,T20,0,Chennai Super Kings,wickets,4,0,0,0,0,MS Dhoni,20,Rajasthan Royals,Chennai Super Kings,Chennai Super Kings,field,Sawai Mansingh Stadium
19.2,RA Jadeja,BA Stokes,{'noballs': 1},MS Dhoni,"{'extras': 1, 'total': 2, 'batsman': 1}",0,0.0,1.0,0.0,0,0,0,0,0,1,1,2,Chennai Super Kings,Jaipur,2019-04-11,male,T20,0,Chennai Super Kings,wickets,4,0,0,0,0,MS Dhoni,20,Rajasthan Royals,Chennai Super Kings,Chennai Super Kings,field,Sawai Mansingh Stadium
19.3,MS Dhoni,BA Stokes,0,RA Jadeja,"{'extras': 0, 'total': 2, 'batsman': 2}",0,0.0,0.0,0.0,0,0,0,0,0,2,0,2,Chennai Super Kings,Jaipur,2019-04-11,male,T20,0,Chennai Super Kings,wickets,4,0,0,0,0,MS Dhoni,20,Rajasthan Royals,Chennai Super Kings,Chennai Super Kings,field,Sawai Mansingh Stadium
19.4,MS Dhoni,BA Stokes,0,RA Jadeja,"{'extras': 0, 'total': 0, 'batsman': 0}","{'player_out': 'MS Dhoni', 'kind': 'bowled'}",0.0,0.0,0.0,0,0,bowled,MS Dhoni,0,0,0,0,Chennai Super Kings,Jaipur,2019-04-11,male,T20,0,Chennai Super Kings,wickets,4,0,0,0,0,MS Dhoni,20,Rajasthan Royals,Chennai Super Kings,Chennai Super Kings,field,Sawai Mansingh Stadium
19.5,MJ Santner,BA Stokes,0,RA Jadeja,"{'extras': 0, 'total': 2, 'batsman': 2}",0,0.0,0.0,0.0,0,0,0,0,0,2,0,2,Chennai Super Kings,Jaipur,2019-04-11,male,T20,0,Chennai Super Kings,wickets,4,0,0,0,0,MS Dhoni,20,Rajasthan Royals,Chennai Super Kings,Chennai Super Kings,field,Sawai Mansingh Stadium
19.6,MJ Santner,BA Stokes,0,RA Jadeja,"{'extras': 0, 'total': 2, 'batsman': 2}",0,0.0,0.0,0.0,0,0,0,0,0,2,0,2,Chennai Super Kings,Jaipur,2019-04-11,male,T20,0,Chennai Super Kings,wickets,4,0,0,0,0,MS Dhoni,20,Rajasthan Royals,Chennai Super Kings,Chennai Super Kings,field,Sawai Mansingh Stadium
19.7,MJ Santner,BA Stokes,{'wides': 1},RA Jadeja,"{'extras': 1, 'total': 1, 'batsman': 0}",0,1.0,0.0,0.0,0,0,0,0,0,0,1,1,Chennai Super Kings,Jaipur,2019-04-11,male,T20,0,Chennai Super Kings,wickets,4,0,0,0,0,MS Dhoni,20,Rajasthan Royals,Chennai Super Kings,Chennai Super Kings,field,Sawai Mansingh Stadium
19.8,MJ Santner,BA Stokes,0,RA Jadeja,"{'extras': 0, 'total': 6, 'batsman': 6}",0,0.0,0.0,0.0,0,0,0,0,0,6,0,6,Chennai Super Kings,Jaipur,2019-04-11,male,T20,0,Chennai Super Kings,wickets,4,0,0,0,0,MS Dhoni,20,Rajasthan Royals,Chennai Super Kings,Chennai Super Kings,field,Sawai Mansingh Stadium
